REGEX,DESTINATION
(www\.)?despiertaamerica\.com(.+)?vota,http://univision.ipowow.com/da
(www\.)?despiertaamerica\.com(.+)?nuevohogar,http://uvideos.com/shows/despierta-america/en-tu-nuevo-hogar
(www\.)?despiertaamerica\.com(.+)?entunuevohogar,http://uvideos.com/shows/despierta-america/en-tu-nuevo-hogar
(www\.)?despiertaamerica\.com(.+)?(.*),http://entretenimiento.univision.com/despierta-america?cmpid=vnt:despiertaamerica.com
(www\.)?unimas\.com(.+)?missusa,http://tv.univision.com/shows/unimas/miss-usa/
(www\.)?unimas\.com(.+)?metastasis,http://videos.univision.com/shows/metastasis
(www\.)?unimas\.com(.+)?(.*),http://tv.univision.com/unimas?cmpid=vnt:unimas.com
(www\.)?unimastv\.com(.+)?(.*),http://tv.univision.com/unimas?cmpid=vnt:unimastv.com
(www\.)?unimastelevision\.com(.+)?(.*),http://tv.univision.com/unimas?cmpid=vnt:unimastelevision.com
(www\.)?uvideos\.com(.+)?pabloescobar,http://videos.univision.com/series/pablo-escobar
(www\.)?uvideos\.com(.+)?demente,http://novelasyseries.univision.com/shows/de-mente-criminal/
(www\.)?uvideos\.com(.+)?lamalquerida,http://novelasyseries.univision.com/shows/la-malquerida/
(www\.)?uvideos\.com(.+)?hastaelfin,http://novelasyseries.univision.com/shows/hasta-el-fin-del-mundo/
(www\.)?uvideos\.com(.+)?bocadellobo,http://novelasyseries.univision.com/shows/en-la-boca-del-lobo/
(www\.)?uvideos\.com(.+)?micorazon,http://videos.univision.com/novelas/mi-corazon-es-tuyo
(www\.)?uvideos\.com(.+)?elchivo,http://novelasyseries.univision.com/shows/el-chivo/
(www\.)?uvideos\.com(.+)?da,http://videos.univision.com/programas/despierta-america
(www\.)?uvideos\.com(.+)?despiertaamerica,http://videos.univision.com/programas/despierta-america
(www\.)?uvideos\.com(.+)?lagata,http://videos.univision.com/generos/novelas/la-gata
(www\.)?uvideos\.com(.+)?([N-n]+)ovela(s)?([E-e])?([X-x]+)pres(s)?,http://videos.univision.com/novelas/novelas-xpress
(www\.)?uvideos\.com(.+)?XpressNovelas,http://videos.univision.com/novelas/novelas-xpress
(www\.)?uvideos\.com(.+)?ExpressNovelas,http://videos.univision.com/novelas/novelas-xpress
(www\.)?uvideos\.com(.+)?tirodegracia,http://videos.univision.com/series/tiro-de-gracia
(www\.)?uvideos\.com(.+)?esquinadeldiablo,http://videos.univision.com/series/la-esquina-del-diablo
(www\.)?uvideos\.com(.+)?teperdonedios,http://beta.uvideos.com/novelas/que-te-perdone-dios
juegosenlinea\.univision\.com(.+)?(.*),http://univisionjuegos.miniclip.com/games/es/
bajarjuegos\.univision\.com(.+)?(.*),http://univisionjuegos.miniclip.com/games/es/
juegos\.univision\.com(.+)?(.*),http://univisionjuegos.miniclip.com/games/es/
(www\.)?univisionvideos\.com(.+)?(.*),http://videos.univision.com/?cmpid=vnt:univisionvideos.com
(www\.)?youvideos\.com(.+)?(.*),http://videos.univision.com/?cmpid=vnt:youvideos.com
(www\.)?uvideos\.com(.+)?(.*),http://videos.univision.com/?cmpid=vnt:uvideos.com
correo\.univision\.com(.+)?(.*),http://www.univision.com/correo/
betavideos\.univision\.com(.+)?(.*),http://videos.univision.com/
radio\.univision\.com(.+)?(.*),http://musica.univision.com/radio
(www\.)?univisionradio\.com(.+)?(.*),http://musica.univision.com/radio?cmpid=vnt:univisionradio.com
(www\.)?univisionradio\.net(.+)?(.*),http://musica.univision.com/radio?cmpid=vnt:univisionradio.net
(www\.)?lacallemusic\.com(.+)?(.*),http://musica.univision.com/?cmpid=vnt:lacallemusic.com
(www\.)?lainvasora1077\.com(.+)?(.*),http://musica.univision.com/?cmpid=vnt:lacallemusic.com
(www\.)?lakalle1059\.fm(.+)?(.*),http://musica.univision.com/?cmpid=vnt:lakalle1059.com
(www\.)?premiosjuventud\.com(.+)?moda,http://musica.univision.com/premiosjuventud/moda/
(www\.)?premiosjuventud\.com(.+)?(.*),http://musica.univision.com/shows/premios-juventud/?cmpid=vnt:premiosjuventud.com
(www\.)?univisionlatingrammy\.com(.+)?(.*),http://uvideos.com/especiales/latin-grammy
futbolmls\.univision\.com(.+)?(.*),http://mls.univision.com/
(www\.)?orbita1007\.com(.+)?(.*),http://musica.univision.com/
(www\.)?recuerdo103\.com(.+)?(.*),http://musica.univision.com/
(www\.)?recuerdos1075\.com(.+)?(.*),http://musica.univision.com/
(www\.)?tejano1075\.com(.+)?(.*),http://musica.univision.com/
(www\.)?univisionmusic\.net(.+)?(.*),http://musica.univision.com/
(www\.)?univisionmusica\.net(.+)?(.*),http://musica.univision.com/
(www\.)?univisionmusica\.org(.+)?(.*),http://musica.univision.com/
(www\.)?univisionmusicpublishing\.com(.+)?(.*),http://musica.univision.com/
(www\.)?viva935\.com(.+)?(.*),http://musica.univision.com/
(www\.)?sol943\.com(.+)?(.*),http://musica.univision.com/
(www\.)?univisionentretenimiento\.com(.+)?(.*),http://entretenimiento.univision.com/?cmpid=vnt:univisionentretenimiento.com
(www\.)?miraquienbaila\.com(.+)?(.*),http://entretenimiento.univision.com/mira-quien-baila?cmpid=vnt:miraquienbaila.com
(www\.)?univisioncine\.com(.+)?(.*),http://cine.univision.com?cmpid=vnt:univisioncine.com
(www\.)?delicioso\.com(.+)?(.*),http://cocina.univision.com?cmpid=vnt:delicioso.com
(www\.)?simplydelicioso\.com(.+)?(.*),http://cocina.univision.com?cmpid=vnt:simplydelicioso.com
(www\.)?univideos\.com(.+)?(.*),http://videos.univision.com/?cmpid=vnt:univideos.com
(www\.)?uforiamusica\.com(.+)?(.*),http://musica.univision.com?cmpid=vnt:uforiamusica.com
(www\.)?uforiamusic\.com(.+)?(.*),http://musica.univision.com?cmpid=vnt:uforiamusic.com
(www\.)?euforiamusica\.com(.+)?(.*),http://musica.univision.com?cmpid=vnt:euforiamusica.com
(www\.)?uforiamusicfestival\.com(.+)?chevron,http://sitiostv.univision.com/chevron-uforia-la-es
(www\.)?uforiamusicfestival\.com(.+)?concierto,http://sitiostv.univision.com/chevron-uforia-om-es
(www\.)?uforiamusicfestival\.com(.+)?concert,http://sitiostv.univision.com/chevron-uforia-om-en
(www\.)?euforiamusicfest\.com(.+)?(.*),http://musica.univision.com/shows/uforia-music-festival
(www\.)?euforiamusicseries\.com(.+)?(.*),http://musica.univision.com/shows/uforia-music-festival
(www\.)?uforiamusicseries\.com(.+)?(.*),http://musica.univision.com/shows/uforia-music-festival
(www\.)?uforiamusicfestival\.com(.+)?(.*),http://musica.univision.com/shows/uforia-music-festival
(www\.)?uforiamusicfest\.com(.+)?(.*),http://musica.univision.com/shows/uforia-music-festival
(www\.)?uforiamusicafestival\.com(.+)?(.*),http://musica.univision.com/shows/uforia-music-festival
(www\.)?uforiafestival\.com(.+)?(.*),http://musica.univision.com/shows/uforia-music-festival
(www\.)?h20concertseries\.com(.+)?(.*),http://musica.univision.com/shows/uforia-music-festival
(www\.)?h2oconcertseries\.com(.+)?(.*),http://musica.univision.com/shows/uforia-music-festival
(www\.)?euphoriamusicseries\.com(.+)?(.*),http://musica.univision.com/shows/uforia-music-festival
(www\.)?euphoriamusicfest\.com(.+)?(.*),http://musica.univision.com/shows/uforia-music-festival
(www\.)?euphoriamusic\.com(.+)?(.*),http://musica.univision.com/shows/uforia-music-festival
(www\.)?euphoriamusica\.com(.+)?(.*),http://musica.univision.com/shows/uforia-music-festival
(www\.)?uforiaradio\.com(.+)?(.*),http://musica.univision.com?cmpid=vnt:uforiaradio.com
(www\.)?uphoriamusica\.com(.+)?(.*),http://musica.univision.com?cmpid=vnt:uphoriamusica.com
(www\.)?euphoriamusic\.com(.+)?(.*),http://musica.univision.com?cmpid=vnt:euphoriamusic.com
(www\.)?uforia\.co(.+)?(.*),http://musica.univision.com?cmpid=vnt:uforia.co
(www\.)?uforia\.us(.+)?(.*),http://musica.univision.com?cmpid=vnt:uforia.us
(www\.)?noticiasunivision\.com(.+)?diabetes,http://noticias.univision.com/salud/elige-estar-bien/diabetes/
(www\.)?noticiasunivision\.com(.+)?(.*),http://noticias.univision.com/?cmpid=vnt:noticiasunivision.com
(www\.)?noticiasu\.com(.+)?(.*),http://noticias.univision.com/?cmpid=vnt:noticiasu.com
(www\.)?generacionamerica\.com(.+)?orgullosa,http://sitios.univision.com/generacion-america/orgullosa/
(www\.)?generacionamerica\.com(.+)?(.*),http://sitios.univision.com/generacion-america?cmpid=vnt:generacionamerica.com
(www\.)?mexicansoccer\.com(.+)?(.*),http://futbol.univision.com/mexico?cmpid=vnt:mexicansoccer.com
(www\.)?univisionfutbol\.com(.+)?(.*),http://futbol.univision.com?cmpid=vnt:univisionfutbol.com
(www\.)?gigante\.com(.+)?(.*),http://tv.univision.com/sabado-gigante/?cmpid=vnt:gigante.com
(www\.)?univisionnews\.com(.+)?(.*),http://videos.univision.com/noticias/abc-news-univision?cmpid=vnt:univisionnews.com
la\.univision\.com(.+)?(.*),http://univision34.univision.com/kmexupfront
(www\.)?lajefa991\.com(.+)?(.*),http://lajefa991.univision.com?cmpid=vnt:lajefa991.com
(www\.)?republicadeportiva\.com(.+)?(.*),http://deportes.univision.com/republica-deportiva?cmpid=vnt:republicadeportiva.com
(www\.)?bellezaymoda\.com(.+)?(.*),http://bellezaymoda.univision.com?cmpid=vnt:univisionbellezaymoda.com
(www\.)?uphiladelphia\.com(.+)?(.*),http://univision65.univision.com/
(www\.)?univision65\.com(.+)?(.*),http://univision65.univision.com/
(www\.)?univisionphiladelphia\.com(.+)?(.*),http://univision65.univision.com/?cmpid=univisionphiladelphia.com
(www\.)?philadelphia28\.com(.+)?(.*),http://univision65.univision.com/?cmpid=philadelphia28.com
(www\.)?philadelphia65\.com(.+)?(.*),http://univision65.univision.com/?cmpid=philadelphia65.com
(www\.)?wuvp-tv\.com(.+)?(.*),http://univision65.univision.com/?cmpid=vnt:wuvp65.com
(www\.)?wuvp\.tv(.+)?(.*),http://univision65.univision.com/?cmpid=vnt:wuvp65.com
(www\.)?wuvp65\.com(.+)?(.*),http://univision65.univision.com/?cmpid=vnt:wuvp65.com
(www\.)?wvix\.com(.+)?(.*),http://univision65.univision.com/?cmpid=vnt:wuvp65.com
(www\.)?1079lakale\.com(.+)?(.*),http://recuerdodallas.univision.com/
(www\.)?recuerdo1079\.com(.+)?(.*),http://recuerdodallas.univision.com/
(www\.)?novelasyseries\.com(.+)?supermomentos,http://novelasyseries.univision.com/super-momentos-de-novela/
(www\.)?novelasyseries\.com(.+)?(.*),http://novelasyseries.univision.com/
(www\.)?novelayserie\.com(.+)?(.*),http://novelasyseries.univision.com/
(www\.)?novelayseries\.com(.+)?(.*),http://novelasyseries.univision.com/
(www\.)?recuerdo1003\.com(.+)?(.*),http://1003masvariedad.univision.com/
recuerdo1003.univision.com(.+)?(.*),http://1003masvariedad.univision.com/
(www\.)?latremenda1010\.com(.+)?(.*),http://latremenda1010.univision.com/
(www\.)?tremenda1010\.com(.+)?(.*),http://latremenda1010.univision.com/
(www\.)?univisionhaiti\.com(.+)?(.*),http://noticias.univision.com/america-latina/haiti
(www\.)?lanuevafm\.com(.+)?(.*),http://lanueva1019.univision.com/
(www\.)?miami23\.com(.+)?(.*),http://miami.univision.com/
(www\.)?univisionmiami\.com(.+)?(.*),http://miami.univision.com/
(www\.)?wltv23\.com(.+)?(.*),http://miami.univision.com/
(www\.)?wltv-tv\.com(.+)?(.*),http://miami.univision.com/
(www\.)?wltv\.tv(.+)?(.*),http://miami.univision.com/?cmpid=vnt:wltv.tv
(www\.)?kdtv14\.com(.+)?(.*),http://univision14.univision.com/
(www\.)?kdtv\.tv(.+)?(.*),http://univision14.univision.com/?cmpid=vnt:kdtv.tv
(www\.)?kdtv-tv\.com(.+)?(.*),http://univision14.univision.com/
(www\.)?univisionsanfrancisco\.com(.+)?(.*),http://univision14.univision.com/
(www\.)?univisionaustin\.com(.+)?(.*),http://univisionaustin.univision.com/
(www\.)?austin31\.com(.+)?(.*),http://univisionaustin.univision.com/
(www\.)?kdas31\.com(.+)?(.*),http://univisionaustin.univision.com/
(www\.)?newyork41\.com(.+)?(.*),http://univisionnuevayork.univision.com/
(www\.)?univisionnewyork\.com(.+)?(.*),http://univisionnuevayork.univision.com/
(www\.)?wxtv-tv\.com(.+)?(.*),http://univisionnuevayork.univision.com/
(www\.)?labandaofficial\.co\.uk(.+)?(.*),http://www.univision.com/entretenimiento/la-banda
(www\.)?labandaofficial\.com(.+)?(.*),http://www.univision.com/entretenimiento/la-banda
(www\.)?labandaoficial\.com(.+)?(.*),http://www.univision.com/entretenimiento/la-banda
(www\.)?univisioninsights\.com(.+)?(.*),http://corporate.univision.com/advertise/portfolio/
mediakit\.univision\.com(.+)?(.*),http://corporate.univision.com/advertise/portfolio/
(www\.)?usanantonio\.com(.+)?(.*),http://univision41.univision.com/
(www\.)?kwex41\.com(.+)?(.*),http://univision41.univision.com/
(www\.)?kwex\.tv(.+)?(.*),http://univision41.univision.com/?cmpid=vnt:kwex.tv
(www\.)?juntosdisfrutamos\.com(.+)?(.*),http://sitios.univision.com/juntosdisfrutamosmas
(www\.)?juntosdisfrutamosmas\.com(.+)?(.*),http://sitios.univision.com/juntosdisfrutamosmas
(www\.)?kwex-tv\.com(.+)?(.*),http://univision41.univision.com/
(www\.)?sanantonio41\.com(.+)?(.*),http://univision41.univision.com/
(www\.)?univisionlosangeles\.com(.+)?(.*),http://losangeles.univision.com?cmpid=vnt:univisionlosangeles.com
(www\.)?univision34\.com(.+)?(.*),http://losangeles.univision.com?cmpid=vnt:univision34.com
(www\.)?univision62\.com(.+)?(.*),http://univisionaustin.univision.com/?cmpid=vnt:univision62.com
(www\.)?univision41\.com(.+)?(.*),http://univision41.univision.com/
(www\.)?univisionsanantonio\.com(.+)?(.*),http://univision41.univision.com/
(www\.)?dallas49\.com(.+)?(.*),http://tv.univision.com/telefutura
(www\.)?houston67\.com(.+)?(.*),http://tv.univision.com/telefutura
(www\.)?kfsf\.tv(.+)?(.*),http://tv.univision.com/unimas/
(www\.)?kstr\.tv(.+)?(.*),http://tv.univision.com/unimas/
(www\.)?kftr\.tv(.+)?(.*),http://tv.univision.com/unimas/
(www\.)?wfpa-tv\.com(.+)?(.*),http://tv.univision.com/unimas/
(www\.)?wfpa28\.com(.+)?(.*),http://tv.univision.com/unimas/
(www\.)?wftt-tv\.com(.+)?(.*),http://tv.univision.com/unimas/
(www\.)?wftt\.tv(.+)?(.*),http://tv.univision.com/unimas/
(www\.)?wftt50\.com(.+)?(.*),http://tv.univision.com/unimas/
(www\.)?wfty-tv\.com(.+)?(.*),http://tv.univision.com/unimas/
(www\.)?wfut\.tv(.+)?(.*),http://tv.univision.com/unimas/
(www\.)?wotf-tv\.com(.+)?(.*),http://tv.univision.com/unimas/
(www\.)?wotf\.tv(.+)?(.*),http://tv.univision.com/unimas/
(www\.)?wutf-tv\.com(.+)?(.*),http://tv.univision.com/unimas/
(www\.)?wuth-tv\.com(.+)?(.*),http://tv.univision.com/unimas/
(www\.)?wutf\.tv(.+)?(.*),http://tv.univision.com/unimas/
(www\.)?wotf43\.com(.+)?(.*),http://tv.univision.com/unimas/
(www\.)?wutf66\.com(.+)?(.*),http://tv.univision.com/unimas/
(www\.)?wuth47\.com(.+)?(.*),http://tv.univision.com/unimas/
(www\.)?wxft\.tv(.+)?(.*),http://tv.univision.com/unimas/
(www\.)?wxtv\.tv(.+)?(.*),http://tv.univision.com/unimas/
(www\.)?telefuturapr\.com(.+)?(.*),http://tv.univision.com/unimas/
(www\.)?kfsf\.com(.+)?(.*),http://tv.univision.com/telefutura
(www\.)?kfsf66\.com(.+)?(.*),http://tv.univision.com/telefutura
(www\.)?kfsf-tv\.com(.+)?(.*),http://tv.univision.com/telefutura
(www\.)?kfth\.com(.+)?(.*),http://tv.univision.com/telefutura
(www\.)?kfth67\.com(.+)?(.*),http://tv.univision.com/telefutura
(www\.)?kfth-tv\.com(.+)?(.*),http://tv.univision.com/telefutura
(www\.)?kfto\.com(.+)?(.*),http://tv.univision.com/telefutura
(www\.)?kfto67\.com(.+)?(.*),http://tv.univision.com/telefutura
(www\.)?kfto-tv\.com(.+)?(.*),http://tv.univision.com/telefutura
(www\.)?kftr\.com(.+)?(.*),http://tv.univision.com/telefutura
(www\.)?kftr46\.com(.+)?(.*),http://tv.univision.com/telefutura
(www\.)?kftr-tv\.com(.+)?(.*),http://tv.univision.com/telefutura
(www\.)?knic17\.com(.+)?(.*),http://tv.univision.com/telefutura
(www\.)?kstr49\.com(.+)?(.*),http://tv.univision.com/telefutura
(www\.)?kstr-tv\.com(.+)?(.*),http://tv.univision.com/telefutura
(www\.)?losangeles46\.com(.+)?(.*),http://tv.univision.com/telefutura
(www\.)?miami69\.com(.+)?(.*),http://tv.univision.com/telefutura
(www\.)?newyork67\.com(.+)?(.*),http://tv.univision.com/telefutura
(www\.)?newyork68\.com(.+)?(.*),http://tv.univision.com/telefutura
(www\.)?sanantonio17\.com(.+)?(.*),http://tv.univision.com/telefutura
(www\.)?sanantonio45\.com(.+)?(.*),http://tv.univision.com/telefutura
(www\.)?sanantonio67\.com(.+)?(.*),http://tv.univision.com/telefutura
(www\.)?sanfrancisco66\.com(.+)?(.*),http://tv.univision.com/telefutura
(www\.)?telefutura\.com(.+)?(.*),http://tv.univision.com/telefutura
(www\.)?telefuturahouston\.com(.+)?(.*),http://tv.univision.com/telefutura
(www\.)?telefuturalosangeles\.com(.+)?(.*),http://tv.univision.com/telefutura
(www\.)?telefuturamiami\.com(.+)?(.*),http://tv.univision.com/telefutura
(www\.)?telefuturanewyork\.com(.+)?(.*),http://tv.univision.com/telefutura
(www\.)?telefuturasanantonio\.com(.+)?(.*),http://tv.univision.com/telefutura
(www\.)?telefuturasanfrancisco\.com(.+)?(.*),http://tv.univision.com/telefutura
(www\.)?telefuturo\.com(.+)?(.*),http://tv.univision.com/telefutura
(www\.)?wami69\.com(.+)?(.*),http://tv.univision.com/telefutura
(www\.)?wami-tv\.com(.+)?(.*),http://tv.univision.com/telefutura
(www\.)?wfty\.com(.+)?(.*),http://tv.univision.com/telefutura
(www\.)?wfty67\.com(.+)?(.*),http://tv.univision.com/telefutura
(www\.)?wfut68\.com(.+)?(.*),http://tv.univision.com/telefutura
(www\.)?wfut-tv\.com(.+)?(.*),http://tv.univision.com/telefutura
(www\.)?recuerdos983\.com(.+)?(.*),http://recuerdo983.univision.com/
(www\.)?wqba\.com(.+)?(.*),http://wqba.univision.com/
(www\.)?waqi\.com(.+)?(.*),http://radiomambi710.univision.com/
(www\.)?viva1057\.com(.+)?(.*),http://lacallebayarea.univision.com/
(www\.)?nueva1019\.com(.+)?(.*),http://lanueva1019.univision.com/
(www\.)?latremenda\.com(.+)?(.*),http://latremenda1010.univision.com/
(www\.)?univisionchicago\.com(.+)?(.*),http://chicago.univision.com/
(www\.)?wgbo\.com(.+)?(.*),http://chicago.univision.com/
(www\.)?wgbo66\.com(.+)?(.*),http://chicago.univision.com/
(www\.)?wgbo-tv\.com(.+)?(.*),http://chicago.univision.com/
(www\.)?wgbo\.tv(.+)?(.*),http://chicago.univision.com/?cmpid=vnt:wgbo.tv
(www\.)?amor993\.com(.+)?(.*),http://993lasvegas.univision.com/
(www\.)?ktvw\.tv(.+)?(.*),http://univisionarizona.univision.com/?cmpid=vnt:ktvw.tv
(www\.)?kuve52\.com(.+)?(.*),http://univisionarizona.univision.com/?cmpid=vnt:kuve52.com
(www\.)?ktvw\.com(.+)?(.*),http://univisionarizona.univision.com/
(www\.)?univisiontucson\.com(.+)?(.*),http://univisionarizona.univision.com/
(www\.)?ktvw33\.com(.+)?(.*),http://univisionarizona.univision.com/
(www\.)?ktvw-tv\.com(.+)?(.*),http://univisionarizona.univision.com/
(www\.)?univisionphoenix\.com(.+)?(.*),http://univisionarizona.univision.com/
(www\.)?univision23\.com(.+)?(.*),http://miami.univision.com/
(www\.)?hottesthits1079\.com(.+)?(.*),http://gethotindfw.univision.com/
(www\.)?myhot1079\.com(.+)?(.*),http://gethotindfw.univision.com/
(www\.)?hot1079dfw\.com(.+)?(.*),http://gethotindfw.univision.com/
(www\.)?1079hothits\.com(.+)?(.*),http://gethotindfw.univision.com/
(www\.)?hothits1079\.com(.+)?(.*),http://gethotindfw.univision.com/
(www\.)?hotindfw\.com(.+)?(.*),http://gethotindfw.univision.com/
(www\.)?gethotindfw\.com(.+)?(.*),http://gethotindfw.univision.com?cmpid=vnt:gethotindfw.com
(www\.)?ufresno\.com(.+)?(.*),http://univisionfresno.univision.com/
(www\.)?fresno21\.com(.+)?(.*),http://univisionfresno.univision.com/
(www\.)?kftv\.tv(.+)?(.*),http://univisionfresno.univision.com/?cmpid=vnt:kftv.tv
(www\.)?kftv21\.com(.+)?(.*),http://univisionfresno.univision.com/
(www\.)?knic-tv\.com(.+)?(.*),http://univisionfresno.univision.com/
(www\.)?univisionfresno\.com(.+)?(.*),http://univisionfresno.univision.com/
(www\.)?usacramento\.com(.+)?(.*),http://univisionsacramento.univision.com/
(www\.)?univision19\.com(.+)?(.*),http://univisionsacramento.univision.com/
(www\.)?kuvs\.com(.+)?(.*),http://univisionsacramento.univision.com/
(www\.)?kuvs19\.com(.+)?(.*),http://univisionsacramento.univision.com/
(www\.)?kuvs-tv\.com(.+)?(.*),http://univisionsacramento.univision.com/
(www\.)?kuvs\.tv(.+)?(.*),http://univisionsacramento.univision.com/?cmpid=vnt:kuvs.tv
(www\.)?sacramento19\.com(.+)?(.*),http://univisionsacramento.univision.com/
(www\.)?univisionsacramento\.com(.+)?(.*),http://univisionsacramento.univision.com/
(www\.)?univision14\.com(.+)?(.*),http://univision14.univision.com/
(www\.)?sanfrancisco14\.com(.+)?(.*),http://univision14.univision.com/
(www\.)?mambi710\.com(.+)?(.*),http://radiomambi710.univision.com/
(www\.)?radiomambi710\.com(.+)?(.*),http://radiomambi710.univision.com/
(www\.)?quebuenanewyork\.com(.+)?(.*),http://927laquebuena.univision.com/
(www\.)?laquebuenanewyork\.com(.+)?(.*),http://927laquebuena.univision.com/
(www\.)?laquebuenany\.com(.+)?(.*),http://927laquebuena.univision.com/
(www\.)?laquebuena927\.com(.+)?(.*),http://927laquebuena.univision.com/
(www\.)?kcorfm\.com(.+)?(.*),http://kcor1350.univision.com/
(www\.)?95xtumusica\.com(.+)?(.*),http://lakalle951.univision.com/
(www\.)?lakalle95\.com(.+)?(.*),http://lakalle951.univision.com/
(www\.)?lakalle951\.com(.+)?(.*),http://lakalle951.univision.com/
(www\.)?recuerdo951\.com(.+)?(.*),http://lakalle951.univision.com/
(www\.)?recuerdos951\.com(.+)?(.*),http://lakalle951.univision.com/
(www\.)?1049tumusica\.com(.+)?(.*),http://1049tumusica.univision.com/
(www\.)?lacalleny\.com(.+)?(.*),http://x963fm.univision.com/
(www\.)?mykalleny\.com(.+)?(.*),http://x963fm.univision.com/
(www\.)?lakalle1059\.com(.+)?(.*),http://x963fm.univision.com/
(www\.)?lakalle927\.com(.+)?(.*),http://x963fm.univision.com/
(www\.)?lakalleny\.com(.+)?(.*),http://x963fm.univision.com/
(www\.)?x963fm\.com(.+)?(.*),http://x963fm.univision.com/
(www\.)?mipagina\.us(.+)?(.*),http://foros.univision.com/foros?cmpid=vnt:mipagina.us
(www\.)?mipaginaunivision\.com(.+)?(.*),http://foros.univision.com/foros?cmpid=vnt:mipaginaunivision.com
(www\.)?univisionmipagina\.com(.+)?(.*),http://foros.univision.com/foros?cmpid=vnt:univisionmipagina.com
(www\.)?amorcelestial\.com(.+)?(.*),http://mipagina.univision.com/amorcelestial
(www\.)?kq105\.com(.+)?(.*),http://kq105.univision.com/
(www\.)?latremendachicago\.com(.+)?(.*),http://latremendachicago.univision.com/
(www\.)?chicagolakalle\.com(.+)?(.*),http://recuerdochicago.univision.com/
(www\.)?wado1280am\.com(.+)?(.*),http://wado1280am.univision.com/
(www\.)?927laquebuena\.com(.+)?(.*),http://927laquebuena.univision.com/
(www\.)?luisjimenez\.com(.+)?(.*),http://luisjimenez.univision.com/
(www\.)?unuevayork\.com(.+)?(.*),http://univisionnuevayork.univision.com/
(www\.)?univisionnuevayork\.com(.+)?(.*),http://univisionnuevayork.univision.com/
(www\.)?lacallebayarea\.com(.+)?(.*),http://lacallebayarea.univision.com/
(www\.)?lacallesf\.com(.+)?(.*),http://lacallebayarea.univision.com/
(www\.)?lakallebayarea\.com(.+)?(.*),http://lacallebayarea.univision.com/
(www\.)?kcor1350\.com(.+)?(.*),http://kcor1350.univision.com/
(www\.)?tucson25\.com(.+)?(.*),http://univisionarizona.univision.com/
(www\.)?tucson3\.com(.+)?(.*),http://univisionarizona.univision.com/
(www\.)?tucson48\.com(.+)?(.*),http://univisionarizona.univision.com/
(www\.)?tucson52\.com(.+)?(.*),http://univisionarizona.univision.com/
(www\.)?univisionarizona\.com(.+)?(.*),http://univisionarizona.univision.com/
(www\.)?univisiondinero\.com(.+)?(.*),http://dinero.univision.com/
(www\.)?univisioncasa\.com(.+)?(.*),http://casa.univision.com/
(www\.)?univisionatl\.com(.+)?(.*),http://atlanta.univision.com/?cmpid=vnt:univisionatlanta.com
(www\.)?univisionatlanta\.com(.+)?(.*),http://atlanta.univision.com/?cmpid=vnt:univisionatlanta.com
(www\.)?wuvg\.com(.+)?(.*),http://atlanta.univision.com/?cmpid=vnt:wuvg.com
(www\.)?wuvg\.tv(.+)?(.*),http://atlanta.univision.com/?cmpid=vnt:wuvg.com
(www\.)?wuvg-tv\.com(.+)?(.*),http://atlanta.univision.com/?cmpid=vnt:wuvg.com
(www\.)?wuvg34\.com(.+)?(.*),http://atlanta.univision.com/?cmpid=vnt:wuvg.com
(www\.)?univisioncarolinadelnorte\.com(.+)?(.*),http://northcarolina.univision.com/
(www\.)?univisionnorthcarolina\.com(.+)?(.*),http://northcarolina.univision.com/
(www\.)?univisionnc\.com(.+)?(.*),http://northcarolina.univision.com/
(www\.)?univisionraleigh\.com(.+)?(.*),http://northcarolina.univision.com/
(www\.)?klok1170\.com(.+)?(.*),http://klok1170.univision.com/
(www\.)?kqbt1017\.com(.+)?(.*),http://lakalle1013.univision.com/?cmpid=vnt:kqbt1017.com
(www\.)?recuerdo1051\.com(.+)?(.*),http://lakalle1013.univision.com/
(www\.)?recuerdos1051\.com(.+)?(.*),http://lakalle1013.univision.com/
(www\.)?750kama\.com(.+)?(.*),http://750kama.univision.com/
(www\.)?kama750\.com(.+)?(.*),http://750kama.univision.com/
(www\.)?recuerdo993\.com(.+)?(.*),http://993lasvegas.univision.com/
(www\.)?recuerdos993\.com(.+)?(.*),http://993lasvegas.univision.com/
(www\.)?1003masvariedad\.com(.+)?(.*),http://1003masvariedad.univision.com/?cmpid=vnt:1003masvariedad.com
(www\.)?recuerdo870\.com(.+)?(.*),http://radiovariedades870.univision.com/
(www\.)?recuerdoam\.com(.+)?(.*),http://radiovariedades870.univision.com/
(www\.)?latremenda1530\.com(.+)?(.*),http://latremenda1530.univision.com/
(www\.)?tremenda1530\.com(.+)?(.*),http://latremenda1530.univision.com/
(www\.)?kaq105\.com(.+)?(.*),http://kq105.univision.com/
gethotindfw\.univision\.com(.+)?(.*),http://musica.univision.com/radio
piolin\.univision\.com(.+)?(.*),http://musica.univision.com/radio
(www2\.)?univisiontarjeta\.com(.+)?(.*),https://micuenta.univisiontarjeta.com
(www\.)?wkaq580\.com(.+)?(.*),http://wkaq580.univision.com/
(www\.)?radioreloj580\.com(.+)?(.*),http://wkaq580.univision.com/
(www\.)?recuerdo941\.com(.+)?(.*),http://lajefa991.univision.com/
(www\.)?recuerdos941\.com(.+)?(.*),http://lajefa991.univision.com/
(www\.)?netmio\.com(.+)?(.*),http://musica.univision.com/radio/?cmpid=vnt:netmio.com
(www\.)?netmio\.net(.+)?(.*),http://musica.univision.com/?cmpid=vnt:netmio.net
(www\.)?galavision\.com(.+)?(.*),http://tv.univision.com/galavision?cmpid=vnt:galavision.com
(www\.)?premiolonuestro\.com(.+)?fashionista,http://musica.univision.com/premio-lo-nuestro/fashionista
(www\.)?premiolonuestro\.com(.+)?(.*),http://musica.univision.com/premio-lo-nuestro?cmpid=vnt:premiolonuestro.com
(www\.)?forolatino\.com(.+)?(.*),http://foros.univision.com/foros/?cmpid=vnt:forolatino.com
(www\.)?primerlugar\.com(.+)?(.*),http://deportes.univision.com/?cmpid=vnt:primerlugar.com
(www\.)?univisionmusic\.com(.+)?(.*),http://musica.univision.com/?cmpid=vnt:univisionmusic.com
(www\.)?univisionmusica\.com(.+)?(.*),http://musica.univision.com/?cmpid=vnt:univisionmusica.com
(www\.)?notivision\.com(.+)?(.*),http://noticias.univision.com/?cmpid=notivision.com
(www\.)?alminuto\.com(.+)?(.*),http://noticias.univision.com/?cmpid=vnt:alminuto.com
(www\.)?lasnoticias\.com(.+)?(.*),http://noticias.univision.com/?cmpid=vnt:lasnoticias.com
(www\.)?rinconlatino\.com(.+)?(.*),http://tv.univision.com/?cmpid=vnt:rinconlatino.com
telenovelas\.univision\.com(.+)?(.*),http://novelasyseries.univision.com/
(www\.)?telenovelasinternet\.com(.+)?(.*),http://novelasyseries.univision.com/?cmpid=vnt:telenovelasinternet.com
(www\.)?telenovelas-internet\.com(.+)?(.*),http://novelasyseries.univision.com/?cmpid=vnt:telenovelas-internet.com
(www\.)?univisionchile\.com(.+)?(.*),http://noticias.univision.com/america-latina/chile?cmpid=vnt:univisionchile.com
(www\.)?objetivofama\.com(.+)?(.*),http://puertorico.univision.com/?cmpid=vnt:objetivofama.com
(www\.)?nuestrabellezalatina\.com(.+)?(s|S)+orprendelas,http://bellezaymoda.univision.com/shows/nuestra-belleza-latina/sorprendelas/
(www\.)?nuestrabellezalatina\.com(.+)?sonrisa,http://bellezaymoda.univision.com/nuestra-belleza-latina/sonrisa/
(www\.)?nuestrabellezalatina\.com(.+)?talento,http://bellezaymoda.univision.com/nuestra-belleza-latina/talento-sin-limites/
(www\.)?nuestrabellezalatina\.com(.+)?vota,http://bellezaymoda.univision.com/shows/nuestra-belleza-latina/vota/
(www\.)?nuestrabellezalatina\.com(.+)?fansdebelleza,http://bellezaymoda.univision.com/shows/nuestra-belleza-latina/fans-de-belleza/
(www\.)?nuestrabellezalatina\.com(.+)?juego,http://bellezaymoda.univision.com/nuestra-belleza-latina/fantasy-game/?cmpid=vnt:nbl.com.juego
(www\.)?nuestrabellezalatina\.com(.+)?(.*),http://uvideos.com/shows/nuestra-belleza-latina
(www\.)?univisioncocina\.com(.+)?(.*),http://cocina.univision.com/?cmpid=vnt:univisioncocina.com
(www\.)?univisionsalud\.com(.+)?(.*),http://salud.univision.com/es/?cmpid=vnt:univisionsalud.com
(www\.)?univisionjuegos\.com(.+)?(.*),http://videojuegos.univision.com/
(www\.)?univisionamor\.com(.+)?(.*),http://match.univision.com/channel/index.aspx
(www\.)?univisionmqb\.com(.+)?(.*),http://entretenimiento.univision.com/mira-quien-baila?cmpid=vnt:univisionmqb.com
(www\.)?univisiondelicioso\.com(.+)?(.*),http://cocina.univision.com?cmpid=vnt:univisiondelicioso.com
(www\.)?univisionbellezaymoda\.com(.+)?(.*),http://bellezaymoda.univision.com/?cmpid=vnt:univisionbellezaymoda.com
(www\.)?univisionmexico\.com(.+)?(.*),http://noticias.univision.com/mexico
(www\.)?instudio\.com(.+)?(.*),http://musica.univision.com/instudio/
(www\.)?univisioninstudio\.com(.+)?(.*),http://musica.univision.com/instudio/
(www\.)?univisionnoticias\.com(.+)?hepatitis(c)?,http://noticias.univision.com/salud/hepatitis-c
(www\.)?univisionnoticias\.com(.+)?salud,http://noticias.univision.com/salud
(www\.)?univisionnoticias\.com(.+)?(.*),http://noticias.univision.com/?cmpid=vnt:univisionnoticias.com
(www\.)?univisionhoroscopos\.com(.+)?(.*),http://vidayfamilia.univision.com/horoscopos/
(www\.)?evaluna\.tv(.+)?(.*),http://novelasyseries.univision.com/eva-luna
(www\.)?luchalibre\.com(.+)?(.*),http://foro.univision.com/t5/Lucha-Libre/bd-p/luchalibre
(www\.)?univisionoticias\.com(.+)?(.*),http://noticias.univision.com/
(www\.)?univisionfamilia\.com(.+)?(.*),http://vidayfamilia.univision.com/
(www\.)?univisionvidayfamilia\.com(.+)?(.*),http://vidayfamilia.univision.com/
(www\.)?univisiontv\.com(.+)?(.*),http://tv.univision.com/univision
(www\.)?radiowado\.com(.+)?(.*),http://wado1280am.univision.com/
(www\.)?amorcelestial\.com(.+)?(.*),http://amorcelestial.univision.com
(www\.)?debatelatino\.com(.+)?(.*),http://noticias.univision.com/debate-latino/
(www\.)?pasion1067\.com(.+)?(.*),http://pasionchicago.univision.com
(www\.)?pasionchicago\.com(.+)?(.*),http://pasionchicago.univision.com
(www\.)?recuerdodallas\.com(.+)?(.*),http://recuerdodallas.univision.com
(www\.)?recuerdo1071\.com(.+)?(.*),http://recuerdodallas.univision.com
(www\.)?univisiontlnovelas\.com(.+)?(.*),http://novelasyseries.univision.com/tlnovelas/?cmpid=vnt:univisiontlnovelas.com
(www\.)?primerimpacto\.com(.+)?(.*),http://noticias.univision.com/primer-impacto?cmpid=vnt:primerimpacto.com
(www\.)?elgordoylaflaca\.com(.+)?(.*),http://entretenimiento.univision.com/el-gordo-y-la-flaca?cmpid=vnt:elgordoylaflaca.com
(www\.)?eselmomento\.com(.+)?universidades,http://youvisit.univision.com/univision.php
(www\.)?eselmomento\.com(.+)?(.*),http://vidayfamilia.univision.com/es-el-momento
comparaprecios\.univision\.com(.+)?(.*),http://comparaprecio.univision.com/
(www\.)?copaunivisionfresno\.com(.+)?(.*),http://univisionfresno.univision.com/copa-univision-fresno/copa-univision-fresno-2012
(www\.)?copaunivisionsanfrancisco\.com(.+)?(.*),http://univision14.univision.com/copa-univision-sf/copa-univision-san-francisco-2012
(www\.)?copaunivisionla\.com(.+)?(.*),http://losangeles.univision.com/deportes/copa-univision
(www\.)?copaunivisionlosangeles\.com(.+)?(.*),http://losangeles.univision.com/deportes/copa-univision
(www\.)?uvn34\.com(.+)?(.*),http://losangeles.univision.com/?cmpid=vnt:uvn34.com
(www\.)?copaunivisionny\.com(.+)?(.*),http://univisionnuevayork.univision.com/copa-univision-ny/copa-univision-nueva-york-2012
(www\.)?copaunivisionnewyork\.com(.+)?(.*),http://univisionnuevayork.univision.com/copa-univision-ny/copa-univision-nueva-york-2012
(www\.)?copaunivisionnuevayork\.com(.+)?(.*),http://univisionnuevayork.univision.com/copa-univision-ny/copa-univision-nueva-york-2012
(www\.)?copaunivisionsa\.com(.+)?(.*),http://univision41.univision.com/deportes/copa-univision/copa-univision-2012
(www\.)?copaunivisionsanantonio\.com(.+)?(.*),http://univision41.univision.com/deportes/copa-univision/copa-univision-2012
(www\.)?copaunivisionaustin\.com(.+)?(.*),http://univisionaustin.univision.com/deportes/copa-univision-austin-2012
(www\.)?copaunivisionmiami\.com(.+)?(.*),http://univision23.univision.com/deportes/article/2012-05-07/copa-fiesta-cup-hialeah-miami-univision-2012
(www\.)?liberatuvoz\.com(.+)?(.*),http://noticias.univision.com/destino-2012/ya-es-hora
(www\.)?yaregistrate\.com(.+)?(.*),http://noticias.univision.com/destino-2012/ya-es-hora
youvisit\.univision\.com(.+)?(.*),http://www.youvisit.com/univision.php
iphone\.kq105\.com(.+)?(.*),http://itunes.apple.com/us/app/univision-radio/id451268300
iphone\.wkaq580\.com(.+)?(.*),http://itunes.apple.com/us/app/univision-radio/id451268300
blackberry\.kq105\.com(.+)?(.*),http://www.iheartradio.com/cc-common/radio_app/index.html?tabs=blackberry
blackberry\.wkaq580\.com(.+)?(.*),http://www.iheartradio.com/cc-common/radio_app/index.html?tabs=blackberry
android\.kq105\.com(.+)?(.*),https://play.google.com/store/apps/details?id=com.airkast.univision&feature=search_result
android\.wkaq580\.com(.+)?(.*),https://play.google.com/store/apps/details?id=com.airkast.univision&feature=search_result
(www\.)?aranquedepasion\.com(.+)?(.*),http://novelasyseries.univision.com/arranque-de-pasion/?cmpid=vnt:arranquedepasion.com
(www\.)?arranquedepasion\.com(.+)?(.*),http://novelasyseries.univision.com/arranque-de-pasion/?cmpid=vnt:arranquedepasion.com
(www\.)?arranquedepassion\.com(.+)?(.*),http://novelasyseries.univision.com/arranque-de-pasion/?cmpid=vnt:arranquedepasion.com
(www\.)?arranquedepasioncapitulos\.com(.+)?(.*),http://novelasyseries.univision.com/arranque-de-pasion/?cmpid=vnt:arranquedepasioncapitulos.com
advertise\.univision\.com(.+)?(.*),http://corporate.univision.com/media-kit/
mqbclips\.univision\.com(.+)?(.*),http://m.entretenimiento.univision.com/mira-quien-baila/clips-mira-quien-baila/
(www\.)?unimas\.tv(.+)?(.*),http://tv.univision.com/unimas?cmpid=vnt:unimas.tv
(www\.)?univisionny\.com(.+)?(.*),http://univisionnuevayork.univision.com/?cmpid=vnt:univisionny.com
(www\.)?univisiony\.com(.+)?(.*),http://univisionnuevayork.univision.com/?cmpid=vnt:univisiony.com
www\.univision\.mobi(.+)?Politica-Privacidad.html,http://m.www.univision.com/tandc/PRIVACIDAD
pid=3227$(.+)?Politica-Privacidad.html,http://m.www.univision.com/tandc/PRIVACIDAD
www\.univision\.mobi(.+)?Terminos-de-Uso.html,http://m.www.univision.com/tandc/termofuse
pid=2967$(.+)?Terminos-de-Uso.html,http://m.www.univision.com/tandc/termofuse
www\.univision\.mobi(.+)?EULA.html,http://m.www.univision.com/tandc/eula
pid=5548$(.+)?EULA.html,http://m.www.univision.com/tandc/eula
(www\.)?univision\.mobi(.+)?(.*),http://m.www.univision.com
(www\.)?univisionmovil\.com(.+)?(.*),http://m.www.univision.com
futbol\.univision\.mobi(.+)?(.*),http://m.futbol.univision.com
autos\.univision\.mobi(.+)?(.*),http://m.autos.univision.com
bellezaymoda\.univision\.mobi(.+)?(.*),http://m.bellezaymoda.univision.com
casa\.univision\.mobi(.+)?(.*),http://m.casa.univision.com
deportes\.univision\.mobi(.+)?(.*),http://m.deportes.univision.com
dinero\.univision\.mobi(.+)?(.*),http://m.dinero.univision.com
entretenimiento\.univision\.mobi(.+)?(.*),http://m.entretenimiento.univision.com
feeds\.univision\.mobi(.+)?(.*),http://m.feeds.univision.com
juegos\.univision\.mobi(.+)?(.*),http://m.videojuegos.univision.com
horoscopos\.univision\.mobi(.+)?(.*),http://m.vidayfamilia.univision.com/horoscopos/
kq105\.univision\.mobi(.+)?(.*),http://m.kq105.univision.com
musica\.univision\.mobi(.+)?(.*),http://m.musica.univision.com
lyrcis\.univision\.mobi(.+)?(.*),http://m.musica.univision.com
nfl\.univision\.mobi(.+)?(.*),http://m.nfl.univision.com
nfllatino\.univision\.mobi(.+)?(.*),http://m.nfl.univision.com
nflespanol\.univision\.mobi(.+)?(.*),http://m.nfl.univision.com
noticias\.univision\.mobi(.+)?(.*),http://m.noticias.univision.com
novelasyseries\.univision\.mobi(.+)?(.*),http://m.novelasyseries.univision.com
tv\.univision\.mobi(.+)?(.*),http://m.tv.univision.com
television\.univision\.mobi(.+)?(.*),http://m.tv.univision.com
univision14\.univision\.mobi(.+)?(.*),http://m.univision14.univision.com
univision23\.univision\.mobi(.+)?(.*),http://m.miami.univision.com
univision41\.univision\.mobi(.+)?(.*),http://m.univision41.univision.com
univision65\.univision\.mobi(.+)?(.*),http://m.univision65.univision.com
univisionarizona\.univision\.mobi(.+)?(.*),http://m.univisionarizona.univision.com
univisionatlanta\.univision\.mobi(.+)?(.*),http://m.atlanta.univision.com
atlanta\.univision\.mobi(.+)?(.*),http://m.atlanta.univision.com
univisionaustin\.univision\.mobi(.+)?(.*),http://m.univisionaustin.univision.com
univisionchicago\.univision\.mobi(.+)?(.*),http://m.chicago.univision.com
univisionfresno\.univision\.mobi(.+)?(.*),http://m.univisionfresno.univision.com
univisionlosangeles\.univision\.mobi(.+)?(.*),http://m.univisionlosangeles.univision.com
univisionnuevayork\.univision\.mobi(.+)?(.*),http://m.univisionnuevayork.univision.com
univisionsacramento\.univision\.mobi(.+)?(.*),http://m.univisionsacramento.univision.com
vidayfamilia\.univision\.mobi(.+)?(.*),http://m.vidayfamilia.univision.com
1020am\.univision\.mobi(.+)?(.*),http://m.1020am.univision.com
1049tumusica\.univision\.mobi(.+)?(.*),http://m.1049tumusica.univision.com
750kama\.univision\.mobi(.+)?(.*),http://m.750kama.univision.com
927laquebuena\.univision\.mobi(.+)?(.*),http://m.927laquebuena.univision.com
amorcelestial\.univision\.mobi(.+)?(.*),http://m.amorcelestial.univision.com
cine\.univision\.mobi(.+)?(.*),http://m.cine.univision.com
cocina\.univision\.mobi(.+)?(.*),http://m.cocina.univision.com
iloveklove\.univision\.mobi(.+)?(.*),http://m.iloveklove.univision.com
kcor1350\.univision\.mobi(.+)?(.*),http://m.kcor1350.univision.com
lajefa991\.univision\.mobi(.+)?(.*),http://m.lajefa991.univision.com
lakalle1013\.univision\.mobi(.+)?(.*),http://m.lakalle1013.univision.com
lakalle951\.univision\.mobi(.+)?(.*),http://m.lakalle951.univision.com
lakallelasvegas\.univision\.mobi(.+)?(.*),http://m.993lasvegas.univision.com
lanueva1019\.univision\.mobi(.+)?(.*),http://m.lanueva1019.univision.com
latinomix1057\.univision\.mobi(.+)?(.*),http://m.latinomix1057.univision.com
latremenda1010\.univision\.mobi(.+)?(.*),http://m.latremenda1010.univision.com
latremenda1530\.univision\.mobi(.+)?(.*),http://m.latremenda1530.univision.com
latremendachicago\.univision\.mobi(.+)?(.*),http://m.latremendachicago.univision.com
lavoz1270\.univision\.mobi(.+)?(.*),http://m.lavoz1270.univision.com
luisjimenez\.univision\.mobi(.+)?(.*),http://m.luisjimenez.univision.com
lakalle1013\.univision\.mobi(.+)?(.*),http://m.yo1013.univision.com
m\.lakalle1013\.univision\.com(.+)?(.*),http://m.yo1013.univision.com
pasionchicago\.univision\.mobi(.+)?(.*),http://m.pasionchicago.univision.com
m\.piolin\.univision\.com(.+)?(.*),http://m.musica.univision.com/radio
piolin\.univision\.mobi(.+)?(.*),http://m.musica.univision.com/radio
radiomambi710\.univision\.mobi(.+)?(.*),http://m.radiomambi710.univision.com
radiovariedades870\.univision\.mobi(.+)?(.*),http://m.radiovariedades870.univision.com
raulbrindis\.univision\.mobi(.+)?(.*),http://m.raulbrindis.univision.com
recuerdo1003\.univision\.mobi(.+)?(.*),http://m.recuerdo1003.univision.com
recuerdo983\.univision\.mobi(.+)?(.*),http://m.recuerdo983.univision.com
recuerdodallas\.univision\.mobi(.+)?(.*),http://m.recuerdodallas.univision.com
wado1280am\.univision\.mobi(.+)?(.*),http://m.wado1280am.univision.com
wkaq580\.univision\.mobi(.+)?(.*),http://m.wkaq580.univision.com
wqba\.univision\.mobi(.+)?(.*),http://m.wqba.univision.com
x963fm\.univision\.mobi(.+)?(.*),http://m.x963fm.univision.com
news\.univision\.mobi(.+)?(.*),http://m.news.univision.com
videojuegos\.univision\.mobi(.+)?(.*),http://m.videojuegos.univision.com
sitios\.univision\.mobi(.+)?(.*),http://m.sitios.univision.com
premiostvynovelas\.univision\.mobi(.+)?(.*),http://m.novelasyseries.univision.com/premios-tv-y-novelas
futbolev\.univision\.mobi(.+)?(.*),http://m.futbol.univision.com/univision-soccer
copaamerica\.univision\.mobi(.+)?(.*),http://m.futbol.univision.com/copa-america
eselmomento\.univision\.mobi(.+)?(.*),http://m.vidayfamilia.univision.com/es-el-momento/
copaoro\.univision\.mobi(.+)?(.*),http://m.futbol.univision.com/copa-oro
mujer\.univision\.mobi(.+)?(.*),http://m.www.univision.com
descargas\.univision\.mobi(.+)?(.*),http://m.www.univision.com
entuciudad\.univision\.mobi(.+)?(.*),http://m.www.univision.com/citySelection
fmf\.univision\.mobi(.+)?(.*),http://m.futbol.univision.com/seleccion-nacional/
lomejorpj\.univision\.mobi(.+)?(.*),http://m.musica.univision.com/premios-juventud/
mia\.univision\.mobi(.+)?(.*),http://m.www.univision.com
mujeresasesinas\.univision\.mobi(.+)?(.*),http://m.novelasyseries.univision.com/mujeres-asesinas-2
nomehallo\.univision\.mobi(.+)?(.*),http://m.novelasyseries.univision.com
pj\.univision\.mobi(.+)?(.*),http://m.musica.univision.com/premios-juventud/
tecnologia\.univision\.mobi(.+)?(.*),http://m.noticias.univision.com/tecnologia
ves\.univision\.mobi(.+)?(.*),http://m.tv.univision.com
vida\.univision\.mobi(.+)?(.*),http://m.vidayfamilia.univision.com
webnovela\.univision\.mobi(.+)?(.*),http://m.novelasyseries.univision.com
m\.univisionlosangeles\.univision\.com(.+)?(.*),http://m.losangeles\.univision.com
m\.recuerdodallas\.univision\.com(.+)?(.*),http://m.gethotindfw.univision.com/
m\.videojuegos\.univision\.com(.+)?(.*),http://www.mocospace.com/wap/partners/univision/?id=games
radioh2odallas\.univision\.com(.+)?(.*),http://gethotindfw.univision.com/
(www\.)?radioh2odallas\.com(.+)?(.*),http://gethotindfw.univision.com/
(www\.)?radioh20\.com(.+)?(.*),http://gethotindfw.univision.com/
(www\.)?radioh20dfw\.com(.+)?(.*),http://gethotindfw.univision.com/
(www\.)?radioh20dallas\.com(.+)?(.*),http://gethotindfw.univision.com/
(www\.)?recuerdodallas\.univision\.com(.+)?(.*),http://www.univision.com/
(www\.)?univisionamerica\.com(.+)?(.*),http://univisionamerica.univision.com/?cmpid=vnt:univisionamerica.com
(www\.)?wqba\.com(.+)?(.*),http://univisionamerica.univision.com/
wqba\.univision\.com(.+)?(.*),http://univisionamerica.univision.com/
(www\.)?latremendachicago\.com(.+)?(.*),http://univisionamerica.univision.com/
latremendachicago\.univision\.com(.+)?(.*),http://univisionamerica.univision.com/
(www\.)?latremenda1010\.com(.+)?(.*),http://univisionamerica.univision.com/
latremenda1010\.univision\.com(.+)?(.*),http://univisionamerica.univision.com/
(www\.)?lavoz1270\.com(.+)?(.*),http://univisionamerica.univision.com/
lavoz1270\.univision\.com(.+)?(.*),http://univisionamerica.univision.com/
(www\.)?kcor1350\.com(.+)?(.*),http://univisionamerica.univision.com/
kcor1350\.univision\.com(.+)?(.*),http://univisionamerica.univision.com/
(www\.)?latremenda1530\.com(.+)?(.*),http://univisionamerica.univision.com/
latremenda1530\.univision\.com(.+)?(.*),http://univisionamerica.univision.com/
(www\.)?750kama\.com(.+)?(.*),http://univisionamerica.univision.com/
750kama\.univision\.com(.+)?(.*),http://univisionamerica.univision.com/
(www\.)?radiovariedades\.com(.+)?(.*),http://univisionamerica.univision.com/
radiovariedades\.univision\.com(.+)?(.*),http://univisionamerica.univision.com/
(www\.)?1020am\.com(.+)?(.*),http://univisionamerica.univision.com/
1020am\.univision\.com(.+)?(.*),http://univisionamerica.univision.com/
m\.univisionatlanta\.univision\.com(.+)?(.*),http://m.atlanta.univision.com
m\.univision34\.univision\.com(.+)?(.*),http://m.losangeles.univision.com
m\.univision23\.univision\.com(.+)?(.*),http://m.univision23.univision.com
m\.univisionnuevayork\.univision\.com(.+)?(.*),http://m.nuevayork.univision.com
(www\.)?univisionpr\.com(.+)?tumanana,http://puertorico.univision.com/shows-de-tv/tu-manana
(www\.)?univisionpr\.com(.+)?chefpineiro,http://puertorico.univision.com/shows-de-tv/chef-pineiro
(www\.)?univisionpr\.com(.+)?lahoradelchavo,http://puertorico.univision.com/shows-de-tv/la-hora-del-chavo
(www\.)?univisionpr\.com(.+)?atencionatencion,http://puertorico.univision.com/shows-de-tv/atencion-atencion
(www\.)?univisionpr\.com(.+)?lasnoticias,http://puertorico.univision.com/ultima-hora
(www\.)?univisionpr\.com(.+)?junte,http://puertorico.univision.com/destino-2012
(www\.)?univisionpr\.com(.+)?encuesta1,http://puertorico.univision.com/destino-2012/tu-opinion/poll/2012-08-01/junte-constitucional-encuesta-1
(www\.)?univisionpr\.com(.+)?encuesta2,http://puertorico.univision.com/destino-2012/tu-opinion/poll/2012-08-01/junte-constitucional-encuesta-2
univision\.centennialpr\.net(.+)?(.*),http://puertorico.univision.com/
(www\.)?univisionpuertorico\.com(.+)?(.*),http://puertorico.univision.com/
(www\.)?univisionpr\.com(.+)?(.*),http://puertorico.univision.com/
(www\.)?univisionnuevayork\.com(.+)?(.*),http://nuevayork.univision.com/
m\.univisionchicago\.univision\.com(.+)?(.*),http://m.chicago.univision.com
univisionchicago\.univision\.com(.+)?(.*),http://chicago.univision.com
(www\.)?univisionchicago\.com(.+)?(.*),http://chicago.univision.com/
univisiondallas\.univision\.mobi(.+)?(.*),http://m.dallas.univision.com
(www\.)?kick991\.com(.+)?(.*),http://dallas.univision.com/
(www\.)?univisiondfw\.com(.+)?(.*),http://dallas.univision.com/
(www\.)?kuvn\.com(.+)?(.*),http://dallas.univision.com/
(www\.)?kuvn\.tv(.+)?(.*),http://dallas.univision.com/?cmpid=vnt:kuvn.tv
(www\.)?kuvn-tv\.com(.+)?(.*),http://dallas.univision.com/
(www\.)?dallas23\.com(.+)?(.*),http://dallas.univision.com/
(www\.)?kuvn23\.com(.+)?(.*),http://dallas.univision.com/
(www\.)?copaunivisiondallas\.com(.+)?(.*),http://dallas.univision.com/deportes/copa-univision-dallas-2012
(www\.)?univisiondallas\.univision\.com(.+)?(.*),http://dallas.univision.com/
(www\.)?univisiondallas\.com(.+)?(.*),http://dallas.univision.com/
m\.univisiondallas\.univision\.com(.+)?(.*),http://m.dallas.univision.com
ufertas\.univision\.com(.+)?(.*),http://houston.univision.com/
(www\.)?kxln-tv\.com(.+)?(.*),http://houston.univision.com/
(www\.)?kxln\.tv(.+)?(.*),http://houston.univision.com/?cmpid=vnt:kxln.tv
(www\.)?copaunivisionhouston\.com(.+)?(.*),http://houston.univision.com/deportes/copa-univision-houston-2012
(www\.)?univision45\.com(.+)?(.*),http://houston.univision.com/
(www\.)?kxln45\.com(.+)?(.*),http://houston.univision.com/
(www\.)?univisionhouston\.com(.+)?(.*),http://houston.univision.com/
(www\.)?univision45\.com(.+)?(.*),http://houston.univision.com/
univisionhouston\.univision\.mobi(.+)?(.*),http://m.houston.univision.com
univisionhouston\.univision\.com(.+)?(.*),http://houston.univision.com/
m\.univisionhouston\.univision\.com(.+)?(.*),http://m.houston.univision.com/
horoscopos\.univision\.com(.+)?(.*),http://vidayfamilia.univision.com/horoscopos/
(www\.)?univisionmovil\.com(.+)?(.*),http://m.www.univision.com/
univisionmusic\.com(.+)?(.*),http://musica.univision.com/
youvisit\.univision\.com(.+)?(.*),http://www.univision.com/
rsi\.univision\.com(.+)?(.*),http://www.univision.com/
m\.foros\.univision\.com(.+)?(.*),http://foro.univision.com/
m\.noticias\.univision\.com(.+)?(.*),http://noticias.univision.com/1
ati\.univision\.com(.+)?(.*),http://www.univision.com/?cmpid=vnt:ati.univision.com
austin\.univision\.com(.+)?(.*),http://univisionaustin.univision.com?cmpid=vnt:austin.univision.com
auto\.univision\.com(.+)?(.*),http://autos.univision.com/?cmpid=vnt:auto.univision.com
bajamusica\.univision\.com(.+)?(.*),http://musica.univision.com/?cmpid=vnt:bajamusica.univision.com
bajarmusica\.univision\.com(.+)?(.*),http://musica.univision.com/?cmpid=vnt:bajarmusica.univision.com
bajazune\.univision\.com(.+)?(.*),http://musica.univision.com/?cmpid=vnt:bajazune.univision.com
barra\.univision\.com(.+)?(.*),http://www.univision.com/?cmpid=vnt:barra.univision.com
www\.barra\.univision\.com(.+)?(.*),http://www.univision.com/?cmpid=vnt:www.barra.univision.com
chat\.univision\.com(.+)?(.*),http://foros.univision.com/amigos/?cmpid=vnt:chat.univision.com
comidamex\.univision\.com(.+)?(.*),http://www.univision.com/?cmpid=vnt:comidamex.univision.com
www\.compras\.univision\.com(.+)?(.*),http://vidayfamilia.univision.com/comprar?cmpid=vnt:www.compras.univision.com
cristina\.univision\.com(.+)?(.*),http://www.univision.com/?cmpid=vnt:cristina.univision.com
www\.deportes\.univision\.com(.+)?(.*),http://deportes.univision.com/?cmpid=vnt:www.deportes.univision.com
deportes2\.univision\.com(.+)?(.*),http://deportes.univision.com/?cmpid=vnt:deportes2.univision.com
eonstreams\.univision\.com(.+)?(.*),http://musica.univision.com/?cmpid=vnt:eonstreams.univision.com
www\.eonstreams\.univision\.com(.+)?(.*),http://musica.univision.com/?cmpid=vnt:www.eonstreams.univision.com
fantasia\.univision\.com(.+)?(.*),http://www.univision.com/?cmpid=vnt:fantasia.univision.com
foros1\.univision\.com(.+)?(.*),http://foros.univision.com/foros?cmpid=vnt:foros1.univision.com
forosfutbol\.univision\.com(.+)?(.*),http://foros.univision.com/foros?cmpid=vnt:forosfutbol.univision.com
forospaginau\.univision\.com(.+)?(.*),http://foros.univision.com/foros?cmpid=vnt:forospaginau.univision.com
forosreligion\.univision\.com(.+)?(.*),http://foros.univision.com/foros?cmpid=vnt:forosreligion.univision.com
fresno\.univision\.com(.+)?(.*),http://univisionfresno.univision.com/?cmpid=vnt:fresno.univision.com
futbolmexicano\.univision\.com(.+)?(.*),http://futbol.univision.com/mexico?cmpid=vnt:futbolmexicano.univision.com
galavision\.univision\.com(.+)?(.*),http://tv.univision.com/galavision/?cmpid=vnt:galavision.univision.com
grammylatino\.univision\.com(.+)?(.*),http://uvideos.com/especiales/latin-grammy
www\.grammylatino\.univision\.com(.+)?(.*),http://uvideos.com/especiales/latin-grammy
infopop\.univision\.com(.+)?(.*),http://foros.univision.com/foros?cmpid=vnt:infopop.univision.com
kama\.univision\.com(.+)?(.*),http://univisionamerica.univision.com/?cmpid=vnt:kama.univision.com
kbbt\.univision\.com(.+)?(.*),http://lakalle951.univision.com/?cmpid=vnt:kbbt.univision.com
kcor-fm\.univision\.com(.+)?(.*),http://lakalle951.univision.com/?cmpid=vnt:kcor-fm.univision.com
kgbt-am\.univision\.com(.+)?(.*),http://univisionamerica.univision.com/?cmpid=vnt:kgbt-am.univision.com
khck\.univision\.com(.+)?(.*),http://dallas.univision.com/?cmpid=vnt:khck.univision.com
kiss973\.univision\.com(.+)?(.*),http://lakalle1013.univision.com/?cmpid=vnt:kiss973.univision.com
klat\.univision\.com(.+)?(.*),http://univisionamerica.univision.com/?cmpid=vnt:klat.univision.com
klsq\.univision\.com(.+)?(.*),http://univisionamerica.univision.com/?cmpid=vnt:klsq.univision.com
klve\.univision\.com(.+)?(.*),http://iloveklove.univision.com/?cmpid=vnt:klve.univision.com
kqbu\.univision\.com(.+)?(.*),http://1049tumusica.univision.com/?cmpid=vnt:kqbu.univision.com
kqmr\.univision\.com(.+)?(.*),http://993lasvegas.univision.com
krcd\.univision\.com(.+)?(.*),http://recuerdo983.univision.com/?cmpid=vnt:krcd.univision.com
krtx-am\.univision\.com(.+)?(.*),http://www.univision.com/?cmpid=vnt:krtx-am.univision.com
ktnq\.univision\.com(.+)?(.*),http://univisionamerica.univision.com/?cmpid=vnt:ktnq.univision.com
latingrammy\.univision\.com(.+)?(.*),http://uvideos.com/especiales/latin-grammy
www\.latingrammy\.univision\.com(.+)?(.*),http://uvideos.com/especiales/latin-grammy
latingrammys\.univision\.com(.+)?(.*),http://uvideos.com/especiales/latin-grammy
www\.latingrammys\.univision\.com(.+)?(.*),http://uvideos.com/especiales/latin-grammy
latremenda\.univision\.com(.+)?(.*),http://univisionamerica.univision.com/?cmpid=vnt:latremenda.univision.com
luchalibre\.univision\.com(.+)?(.*),http://foro.univision.com/t5/Lucha-Libre/bd-p/luchalibre?cmpid=vnt:luchalibre.univision.com
mensajero\.univision\.com(.+)?(.*),http://www.univision.com/?cmpid=vnt:mensajero.univision.com
mujer\.univision\.com(.+)?(.*),http://vidayfamilia.univision.com/?cmpid=vnt:mujer.univision.com
www\musica\.univision\.com(.+)?(.*),http://musica.univision.com/?cmpid=vnt:www.musica.univision.com
musicaymas\.univision\.com(.+)?(.*),http://musica.univision.com/?cmpid=vnt:musicaymas.univision.com
netmio\.univision\.com(.+)?(.*),http://musica.univision.com/?cmpid=vnt:netmio.univision.com
newyork\.univision\.com(.+)?(.*),http://nuevayork.univision.com/?cmpid=vnt:newyork.univision.com
ns\.univision\.com(.+)?(.*),http://www.univision.com/?cmpid=vnt:ns.univision.com
orbita1007\.univision\.com(.+)?(.*),http://houston.univision.com/?cmpid=vnt:orbita1007.univision.com
paginau\.univision\.com(.+)?(.*),http://www.univision.com/?cmpid=vnt:paginau.univision.com
paz\.univision\.com(.+)?(.*),http://musica.univision.com/?cmpid=vnt:paz.univision.com
www\.paz\.univision\.com(.+)?(.*),http://musica.univision.com/?cmpid=vnt:www.paz.univision.com
pazsinfronteras\.univision\.com(.+)?(.*),http://musica.univision.com/?cmpid=vnt:pazsinfronteras.univision.com
phoenix\.univision\.com(.+)?(.*),http://univisionarizona.univision.com/?cmpid=vnt:phoenix.univision.com
premiolonuestro\.univision\.com(.+)?(.*),http://musica.univision.com/premio-lo-nuestro?cmpid=vnt:premiolonuestro.univision.com
raulypepito\.univision\.com(.+)?(.*),http://raulbrindis.univision.com/?cmpid=vnt:raulypepito.univision.com
reg\.univision\.com(.+)?(.*),http://www.univision.com/?cmpid=vnt:reg.univision.com
sanantonio\.univision\.com(.+)?(.*),http://univision41.univision.com/?cmpid=vnt:sanantonio.univision.com
sanfrancisco\.univision\.com(.+)?(.*),http://univision14.univision.com/?cmpid=vnt:sanfrancisco.univision.com
servicios\.univision\.com(.+)?(.*),http://www.univision.com/?cmpid=vnt:servicios.univision.com
sf\.univision\.com(.+)?(.*),http://univision14.univision.com/?cmpid=vnt:sf.univision.com
stats\.univision\.com(.+)?(.*),http://deportes.univision.com/?cmpid=vnt:stats.univision.com
telefutura\.univision\.com(.+)?(.*),http://tv.univision.com/unimas/?cmpid=vnt:telefutura.univision.com
www\.tienda\.univision\.com(.+)?(.*),http://vidayfamilia.univision.com/comprar?cmpid=vnt:www.tienda.univision.com
www\.tiendafutbol\.univision\.com(.+)?(.*),http://tiendafutbol.univision.com/?cmpid=vnt:www.tiendafutbol.univision.com
toolbar\.univision\.com(.+)?(.*),http://www.univision.com/?cmpid=vnt:toolbar.univision.com
www\.toolbar\.univision\.com(.+)?(.*),http://www.univision.com/?cmpid=vnt:www.toolbar.univision.com
travel\.univision\.com(.+)?(.*),http://www.univision.com/?cmpid=vnt:travel.univision.com
univisiontv\.univision\.com(.+)?(.*),http://www.univision.com/?cmpid=vnt:univisiontv.univision.com
viajes\.univision\.com(.+)?(.*),http://www.univision.com/?cmpid=vnt:viajes.univision.com
vida\.univision\.com(.+)?(.*),http://vidayfamilia.univision.com/?cmpid=vnt:vida.univision.com
vidascruzadas\.univision\.com(.+)?(.*),http://novelasyseries.univision.com/vidas-cruzadas-2009?cmpid=vnt:vidascruzadas.univision.com
www\.vidascruzadas\.univision\.com(.+)?(.*),http://novelasyseries.univision.com/vidas-cruzadas-2009?cmpid=vnt:www.vidascruzadas.univision.com
video\.univision\.com(.+)?(.*),http://videos.univision.com/?cmpid=vnt:video.univision.com
www\.video\.univision\.com(.+)?(.*),http://videos.univision.com/?cmpid=vnt:www.video.univision.com
viva1017\.univision\.com(.+)?(.*),http://lakalle1013.univision.com/?cmpid=vnt:viva1017.univision.com
vivaelsueno\.univision\.com(.+)?(.*),http://musica.univision.com/?cmpid=vnt:vivaelsueno.univision.com
www\.vivaelsueno\.univision\.com(.+)?(.*),http://musica.univision.com/?cmpid=vnt:www.vivaelsueno.univision.com
wado\.univision\.com(.+)?(.*),http://wado1280am.univision.com/?cmpid=vnt:wado.univision.com
wap\.univision\.com(.+)?(.*),http://www.univision.com/?cmpid=vnt:wap.univision.com
waqi\.univision\.com(.+)?(.*),http://radiomambi710.univision.com/?cmpid=vnt:waqi.univision.com
wcaa\.univision\.com(.+)?(.*),http://wado1280am.univision.com/?cmpid=vnt:wcaa.univision.com
wviv\.univision\.com(.+)?(.*),http://pasionchicago.univision.com/?cmpid=vnt:wviv.univision.com
ww\.univision\.com(.+)?(.*),http://www.univision.com/?cmpid=vnt:ww.univision.com
zune\.univision\.com(.+)?(.*),http://musica.univision.com/?cmpid=vnt:zune.univision.com
www\.zune\.univision\.com(.+)?(.*),http://musica.univision.com/?cmpid=vnt:www.zune.univision.com
(www\.)?estadio\.univision\.com(.+)?(.*),http://estadiodetodos.com
(www\.)?vaporti\.com(.+)?(.*),http://musica.univision.com/va-por-ti/
(www\.)?buen(o|a)+mal(o|a)+(y)?feo\.com(.+)?(.*),http://buenomalafeo.univision.com/
(www\.)?bmfshow\.com(.+)?(.*),http://buenomalafeo.univision.com/
(www\.)?elbmfshow\.com(.+)?(.*),http://buenomalafeo.univision.com/
latinomixsf\.univision\.com(.+)?(.*),http://hot1057fm.univision.com/
(www\.)?latinomixsf\.com(.+)?(.*),http://hot1057fm.univision.com/
(www\.)?hot1057fm\.com(.+)?(.*),http://hot1057fm.univision.com/
(www\.)?hot1007fm\.com(.+)?(.*),http://hot1057fm.univision.com/
(www\.)?latinomixfm\.com(.+)?(.*),http://hot1057fm.univision.com/
(www\.)?latinomixsf\.com(.+)?(.*),http://hot1057fm.univision.com/
m\.latinomixsf\.univision\.com(.+)?(.*),http://m.hot1057fm.univision.com/
lakalle1013\.univision\.com(.+)?(.*),http://yo1013.univision.com/
(www\.)?lakalle1013\.com(.+)?(.*),http://yo1013.univision.com/
(www\.)?yo1013\.com(.+)?(.*),http://yo1013.univision.com/
lakalle1013\.univision\.com(.+)?(.*),http://yo013.univision.com/
m\.lakalle1013\.univision\.com(.+)?(.*),http://m.yo013.univision.com/
pasionchicago\.univision\.com(.+)?(.*),http://amor1067.univision.com/
(www\.)?pasionchicago\.com(.+)?(.*),http://amor1067.univision.com/
(www\.)?pasion1067\.com(.+)?(.*),http://amor1067.univision.com/
(www\.)?passion1067\.com(.+)?(.*),http://amor1067.univision.com/
(www\.)?amor1067\.com(.+)?(.*),http://amor1067.univision.com/
m\.pasionchicago\.univision\.com(.+)?(.*),http://m.amor1067.univision.com/
lakallelasvegas\.univision\.com(.+)?(.*),http://993lasvegas.univision.com/
(www\.)?lakallelasvegas\.com(.+)?(.*),http://993lasvegas.univision.com/
(www\.)?993lasvegas\.com(.+)?(.*),http://993lasvegas.univision.com/
(www\.)?lakalle993fm\.com(.+)?(.*),http://993lasvegas.univision.com/
m\.lakallelasvegas\.univision\.com(.+)?(.*),http://m.993lasvegas.univision.com/
(www\.)?1079lakalle\.com(.+)?(.*),http://1079fresno.univision.com/
(www\.)?lakalledfw\.com(.+)?(.*),http://1079fresno.univision.com/
(www\.)?lakalle991\.com(.+)?(.*),http://1079fresno.univision.com/
(www\.)?1079kzol\.com(.+)?(.*),http://1079fresno.univision.com/
kzol\.univision\.com(.+)?(.*),http://1079fresno.univision.com/
kllefm1079\.univision\.com(.+)?(.*),http://1079fresno.univision.com/
(www\.)?kllefm1079\.com(.+)?(.*),http://1079fresno.univision.com/
(www\.)?1079fresno\.com(.+)?(.*),http://1079fresno.univision.com/
(www\.)?lacalle1079\.com(.+)?(.*),http://1079fresno.univision.com/
(www\.)?lakalle1079\.com(.+)?(.*),http://1079fresno.univision.com/
(www\.)?lacallefresno\.com(.+)?(.*),http://1079fresno.univision.com/
(www\.)?lakallefresno\.com(.+)?(.*),http://1079fresno.univision.com/
m\.kllefm1079\.univision\.com(.+)?(.*),http://m.1079fresno.univision.com
m\.lakalle1079\.univision\.com(.+)?(.*),http://m.1079fresno.univision.com
lakalle1079\.univision\.mobi(.+)?(.*),http://m.1079fresno.univision.com
(www\.)?lakalle1053\.com(.+)?(.*),http://1003phoenix.univision.com/?cmpid=vnt:lakalle1053.com
lakalle1003\.univision\.com(.+)?(.*),http://1003phoenix.univision.com
(www\.)?lakalle1003\.com(.+)?(.*),http://1003phoenix.univision.com
(www\.)?1003phoenix\.com(.+)?(.*),http://1003phoenix.univision.com
lakalle1003\.univision\.mobi(.+)?(.*),http://m.1003phoenix.univision.com
m\.lakalle1003\.univision\.com(.+)?(.*),http://m.1003phoenix.univision.com
maximadallas\.univision\.com(.+)?(.*),http://991dallas.univision.com
(www\.)?maximadallas\.com(.+)?(.*),http://991dallas.univision.com
(www\.)?991dallas\.com(.+)?(.*),http://991dallas.univision.com
(www\.)?lakalle991\.com(.+)?(.*),http://991dallas.univision.com
m\.maximadallas\.univision\.com(.+)?(.*),http://m.991dallas.univision.com
lakalle951\.univision\.com(.+)?(.*),http://951sanantonio.univision.com
(www\.)?lakalle951\.com(.+)?(.*),http://951sanantonio.univision.com
(www\.)?951sanantonio\.com(.+)?(.*),http://951sanantonio.univision.com
m\.lakalle951\.univision\.com(.+)?(.*),http://m.951sanantonio.univision.com
wind\.univision\.com(.+)?(.*),http://maximamusica.univision.com/?cmpid=vnt:wind.univision.com
maximamusica\.univision\.com(.+)?(.*),http://935chicago.univision.com
(www\.)?maximamusica\.com(.+)?(.*),http://935chicago.univision.com
(www\.)?935chicago\.com(.+)?(.*),http://935chicago.univision.com
(www\.)?1031chicago\.com(.+)?(.*),http://935chicago.univision.com
(www\.)?maxima1031\.com(.+)?(.*),http://935chicago.univision.com
(www\.)?maxima935\.com(.+)?(.*),http://935chicago.univision.com
(www\.)?yosoyla(c|k)+alle\.com(.+)?(.*),http://935chicago.univision.com
m\.maximamusica\.univision\.com(.+)?(.*),http://m.935chicago.univision.com
maximamusica\.univision\.mobi(.+)?(.*),http://m.maximamusica.univision.com
(www\.)?univisiondeportes\.com(.+)?HOUvORL,http://deportesenvivo.univision.com/game/orlando-city-at-h-dynamo-on-20150313
(www\.)?univisiondeportes\.com(.+)?NarraTuPartido,http://futbol.univision.com/mexico/narra-tu-partido/
(www\.)?univisiondeportes\.com(.+)?[Vv][Ee][Rr][Ii][Zz][Oo][Nn],http://futbol.univision.com/mexico/lo-mejor-por-el-fanatico-clausura-2013/
(www\.)?univisiondeportes\.com(.+)?expediente(s)?,http://deportes.univision.com/expediente/
(www\.)?univisiondeportes\.com(.+)?(el)?momento(clave)?,http://futbol.univision.com/fifa-copa-mundial/el-momento-clave/
(www\.)?univisiondeportes\.com(.+)?(lomas)?impactante,http://futbol.univision.com/fifa-copa-mundial/lo-mas-impactante/
(www\.)?univisiondeportes\.com(.+)?frente(a)?frente,http://futbol.univision.com/fifa-copa-mundial/frente-a-frente/
(www\.)?univisiondeportes\.com(.+)?(gran)?pase,http://futbol.univision.com/fifa-copa-mundial/ball-around-the-world/
(www\.)?univisiondeportes\.com(.+)?celebrando(enbrasil)?,http://futbol.univision.com/fifa-copa-mundial/celebra-brasil/
(www\.)?univisiondeportes\.com(.+)?sueno(mexicano)?,http://futbol.univision.com/fifa-copa-mundial/el-sueno-mexicano/
(www\.)?univisiondeportes\.com(.+)?conexion(mundial)?,http://futbol.univision.com/fifa-copa-mundial/abc-del-mundial/
(www\.)?univisiondeportes\.com(.+)?tiempoextra(s)?,http://futbol.univision.com/fifa-copa-mundial/tiempo-extra/
(www\.)?univisiondeportes\.com(.+)?elmejor,http://especiales.futbol.univision.com/elige-al-mejor/mundial/inicio
(www\.)?univisiondeportes\.com(.+)?lomejor(delmundial)?,http://futbol.univision.com/fifa-copa-mundial/mejor-del-mundial/
(www\.)?univisiondeportes\.com(.+)?elige(almejor)?,http://futbol.univision.com/fifa-copa-mundial/elige-al-mejor/
(www\.)?univisiondeportes\.com(.+)?matchcenter,http://deportesenvivo.univision.com/schedule?day=current_date&lid=mundial
(www\.)?univisiondeportes\.com(.+)?comunidad(brasil)?,http://futbol.univision.com/fifa-copa-mundial/comunidad-brasil/
(www\.)?univisiondeportes\.com(.+)?seleccion,http://especiales.futbol.univision.com/quiniela/juega
(www\.)?univisiondeportes\.com(.+)?camino(alestadio)?,http://futbol.univision.com/fifa-copa-mundial/camino-al-estadio/
(www\.)?univisiondeportes\.com(.+)?por(el)?futbol,http://futbol.univision.com/fifa-copa-mundial/porelfutbol/
(www\.)?univisiondeportes\.com(.+)?shortplays,http://futbol.univision.com/fifa-copa-mundial/short-plays/
(www\.)?univisiondeportes\.com(.+)?redes,http://futbol.univision.com/fifa-copa-mundial/redes-al-momento
(www\.)?univisiondeportes\.com(.+)?acceso,http://beta.univision.com/deportes-app-esp-new
(www\.)?univisiondeportes\.com(.+)?access,http://beta.univision.com/deportes-app-eng-new
(www\.)?univisiondeportes\.com(.+)?accesso,http://futbol.univision.com/deportes-app-splash
(www\.)?univisiondeportes\.com(.+)?acesso,http://futbol.univision.com/deportes-app-splash
(www\.)?univisiondeportes\.com(.+)?aceso,http://futbol.univision.com/deportes-app-splash
(www\.)?univisiondeportes\.com(.+)?PremiosUD,http://deportes.univision.com/shows/premios-deportes/
(www\.)?univisiondeportes\.com(.+)?PremioMalasuerte,http://deportes.univision.com/shows/premios-deportes/votacion/mala/
(www\.)?univisiondeportes\.com(.+)?PremioGol,http://deportes.univision.com/shows/premios-deportes/votacion/gol-del-ano/
(www\.)?univisiondeportes\.com(.+)?MomentoSonic,http://deportes.univision.com/videos/jugadas-de-la-semana/
(www\.)?univisiondeportes\.com(.+)?fantasy,http://ligamx.univision.com/es/deportes/fantasy
(www\.)?univisiondeportes\.com(.+)?fantasia,http://ligamx.univision.com/es/deportes/fantasy
(www\.)?univisiondeportes\.com(.+)?ElEquipo13,http://futbol.univision.com/copa-oro/el-equipo-13/
(www\.)?univisiondeportes\.com(.+)?JugadorEspecial,http://futbol.univision.com/copa-oro/jugador-especial/
(www\.)?univisiondeportes\.com(.+)?copaoro,http://futbol.univision.com/copa-oro/
(www\.)?univisiondeportes\.com(.+)?(.*),http://deportes.univision.com
(www\.)?estadiounivision\.com(.+)?(.*),http://estadio.univision.com
(www\.)?recuerdo983\.com(.+)?(.*),http://masvariedadla.univision.com
(www\.)?masvariedadla\.com(.+)?(.*),http://masvariedadla.univision.com
recuerdo983\.univision\.com(.+)?(.*),http://masvariedadla.univision.com
m\.recuerdo983\.univision\.com(.+)?(.*),http://m.masvariedadla.univision.com
recuerdo1065\.univision\.mobi(.+)?(.*),http://m.1065masvariedad.univision.com
kove\.univision\.com(.+)?(.*),http://1065masvariedad.univision.com
recuerdo1065\.univision\.com(.+)?(.*),http://1065masvariedad.univision.com
(www\.)?recuerdo1065\.com(.+)?(.*),http://1065masvariedad.univision.com
(www\.)?1065masvariedad\.com(.+)?(.*),http://1065masvariedad.univision.com
m\.recuerdo1065\.univision\.com(.+)?(.*),http://m.1065masvariedad.univision.com
lainvasora1077\.univision\.com(.+)?(.*),http://1077masvariedad.univision.com
lajefa1077\.univision\.com(.+)?(.*),http://1077masvariedad.univision.com
(www\.)?lajefa1077\.com(.+)?(.*),http://1077masvariedad.univision.com
(www\.)?1077hitsfm\.com(.+)?(.*),http://1077masvariedad.univision.com
m\.lajefa1077\.univision\.com(.+)?(.*),http://m.1077masvariedad.univision.com
(www\.)?recuerdo(s)?1077\.com(.+)?(.*),http://1077masvariedad.univision.com/
lajefa1077\.univision\.mobi(.+)?(.*),http://m.1077masvariedad.univision.com
elsanchoaustin\.univision\.com(.+)?(.*),http://1077masvariedad.univision.com
(www\.)?elsanchoaustin\.com(.+)?(.*),http://1077masvariedad.univision.com/
(www\.)?1077masvariedad\.com(.+)?(.*),http://1077masvariedad.univision.com/
(www\.)?1077lajefa\.com(.+)?(.*),http://1077masvariedad.univision.com
ksca\.univision\.com(.+)?(.*),http://1019losangeles.univision.com
(www\.)?la1019\.com(.+)?(.*),http://1019losangeles.univision.com
(www\.)?1019losangeles\.com(.+)?(.*),http://1019losangeles.univision.com
(www\.)?bonchederolas\.com(.+)?(.*),http://1019losangeles.univision.com/
la1019\.univision\.com(.+)?(.*),http://1019losangeles.univision.com
m\.la1019\.univision\.com(.+)?(.*),http://m.1019losangeles.univision.com
quebuena933\.univision\.mobi(.+)?(.*),http://m.933houston.univision.com
party1049\.univision\.com(.+)?(.*),http://933houston.univision.com?cmpid=vnt:party1049.univision.com
(www\.)?quebuena933\.univision\.com(.+)?(.*),http://933houston.univision.com
quebuena933\.com(.+)?(.*),http://933houston.univision.com
(www\.)?933houston\.com(.+)?(.*),http://933houston.univision.com
(www\.)?laquebuena933\.com(.+)?(.*),http://933houston.univision.com
(www\.)?laquebuena1079\.com(.+)?(.*),http://1051chicago.univision.com/
(www\.)?quebuena1079\.com(.+)?(.*),http://1051chicago.univision.com/
(www\.)?quebuenachicago\.com(.+)?(.*),http://1051chicago.univision.com/
quebuenachicago\.univision\.mobi(.+)?(.*),http://m.1051chicago.univision.com
wojo\.univision\.com(.+)?(.*),http://1051chicago.univision.com
quebuenachicago\.univision\.com(.+)?(.*),http://1051chicago.univision.com
(www\.)?quebuenachicago\.com(.+)?(.*),http://1051chicago.univision.com
(www\.)?1051chicago\.com(.+)?(.*),http://1051chicago.univision.com
(www\.)?laquebuena991\.com(.+)?(.*),http://941dallas.univision.com/
(www\.)?laquebuena1071\.com(.+)?(.*),http://941dallas.univision.com/
(www\.)?amordallas\.com(.+)?(.*),http://941dallas.univision.com/
(www\.)?kess1270\.com(.+)?(.*),http://941dallas.univision.com/
(www\.)?lafabulosa\.com(.+)?(.*),http://941dallas.univision.com/
(www\.)?lapicuda1071\.com(.+)?(.*),http://941dallas.univision.com/
(www\.)?picuda1071\.com(.+)?(.*),http://941dallas.univision.com/
(www\.)?estereolatino1071\.com(.+)?(.*),http://941dallas.univision.com/
laquebuena941\.univision\.mobi(.+)?(.*),http://m.941dallas.univision.com/
kdxx\.univision\.com(.+)?(.*),http://941dallas.univision.com/
kess\.univision\.com(.+)?(.*),http://941dallas.univision.com/
klno\.univision\.com(.+)?(.*),http://941dallas.univision.com/
(www\.)?laquebuena941\.univision\.com(.+)?(.*),http://941dallas.univision.com
(www\.)?laquebuena941\.com(.+)?(.*),http://941dallas.univision.com
(www\.)?941dallas\.com(.+)?(.*),http://941dallas.univision.com
m\.lajefa991\.univision\.com(.+)?(.*),http://m.1079dallas.univision.com/
(www\.)?lajefadallas\.com(.+)?(.*),http://1079dallas.univision.com/1
(www\.)?lajefa991\.univision\.com(.+)?(.*),http://1079dallas.univision.com/1
(www\.)?lajefadallas\.univision\.com(.+)?(.*),http://1079dallas.univision.com/
(www\.)?lajefadallas\.com(.+)?(.*),http://1079dallas.univision.com/
(www\.)?1079dallas\.com(.+)?(.*),http://1079dallas.univision.com/
(www\.)?dallas1079\.com(.+)?(.*),http://1079dallas.univision.com/
(www\.)?hot1079dallas\.com(.+)?(.*),http://1079dallas.univision.com/
(www\.)?estereosol989\.com(.+)?(.*),http://estereosol989.univision.com/
(www\.)?ksol\.com(.+)?(.*),http://estereosol989.univision.com/
estereosol989\.univision\.mobi(.+)?(.*),http://m.estereosol989.univision.com
ksol\.univision\.com(.+)?(.*),http://estereosol989.univision.com/
m\.estereosol989\.univision\.com(.+)?(.*),http://m.989sanfrancisco.univision.com/
(www\.)?estereosol989\.univision\.com(.+)?(.*),http://989sanfrancisco.univision.com/
(www\.)?estereosol989\.com(.+)?(.*),http://989sanfrancisco.univision.com/
(www\.)?989sanfrancisco\.com(.+)?(.*),http://989sanfrancisco.univision.com/
krom\.univision\.com(.+)?(.*),http://estereolatino929.univision.com/
(www\.)?929estereolatino\.com(.+)?(.*),http://estereolatino929.univision.com/
(www\.)?estereolatino929\.com(.+)?(.*),http://estereolatino929.univision.com/
estereolatino929\.univision\.mobi(.+)?(.*),http://m.estereolatino929.univision.com
m\.estereolatino929\.univision\.com(.+)?(.*),http://m.929sanantonio.univision.com/
(www\.)?estereolatino929\.univision\.com(.+)?(.*),http://929sanantonio.univision.com/
(www\.)?estereolatino929\.com(.+)?(.*),http://929sanantonio.univision.com/
(www\.)?929sanantonio\.com(.+)?(.*),http://929sanantonio.univision.com/
(www\.)?lanueva1065\.com(.+)?(.*),http://lanueva1065.univision.com/
(www\.)?nueva1065\.com(.+)?(.*),http://lanueva1065.univision.com/
(www\.)?noches106\.com(.+)?(.*),http://lanueva1065.univision.com/la-nueva-eventos-clubes-nocturnos-san-diego
(www\.)?noche106\.com(.+)?(.*),http://lanueva1065.univision.com/la-nueva-eventos-clubes-nocturnos-san-diego
lanueva1065\.univision\.mobi(.+)?(.*),http://m.lanueva1065.univision.com
(www\.)?la1065\.com(.+)?(.*),http://lanueva1065.univision.com/
klnv\.univision\.com(.+)?(.*),http://lanueva1065.univision.com/
sandiego\.univision\.com(.+)?(.*),http://lanueva1065.univision.com/
sd\.univision\.com(.+)?(.*),http://lanueva1065.univision.com/
m\.lanueva1065\.univision\.com(.+)?(.*),http://m.1065sandiego.univision.com/
(www\.)?lanueva1065\.univision\.com(.+)?(.*),http://1065sandiego.univision.com/
(www\.)?lanueva1065\.com(.+)?(.*),http://1065sandiego.univision.com/
(www\.)?1065sandiego\.com(.+)?(.*),http://1065sandiego.univision.com/
(www\.)?1029klove\.com(.+)?(.*),http://recuerdo1029.univision.com/
(www\.)?klove1029\.com(.+)?(.*),http://recuerdo1029.univision.com/
recuerdo1029\.univision\.mobi(.+)?(.*),http://m.recuerdo1029.univision.com
klqv\.univision\.com(.+)?(.*),http://recuerdo1029.univision.com/
m\.recuerdo1029\.univision\.com(.+)?(.*),http://m.1029masvariedad.univision.com/
(www\.)?recuerdo1029\.univision\.com(.+)?(.*),http://1029masvariedad.univision.com/
(www\.)?recuerdo1029\.com(.+)?(.*),http://1029masvariedad.univision.com/
(www\.)?1029masvariedad\.com(.+)?(.*),http://1029masvariedad.univision.com/
(www\.)?mami927\.com(.+)?(.*),http://927nuevayork.univision.com/
m\.mami927\.univision\.com(.+)?(.*),http://m.927nuevayork.univision.com/
mami927\.univision\.com(.+)?(.*),http://927nuevayork.univision.com/
(www\.)?mami927\.com(.+)?(.*),http://927nuevayork.univision.com/
(www\.)?927nuevayork\.com(.+)?(.*),http://927nuevayork.univision.com/
(www\.)?wamr\.com(.+)?(.*),http://1075amor.univision.com/
(www\.)?amor107\.com(.+)?(.*),http://1075amor.univision.com/
(www\.)?1075amor\.com(.+)?(.*),http://1075amor.univision.com/
amor1075fm\.univision\.mobi(.+)?(.*),http://m.1075amor.univision.com/
wamr\.univision\.com(.+)?(.*),http://1075amor.univision.com/
m\.amor1075fm\.univision\.com(.+)?(.*),http://m.1075amor.univision.com/
amor1075fm\.univision\.com(.+)?(.*),http://1075amor.univision.com/
(www\.)?amor1075fm\.com(.+)?(.*),http://1075amor.univision.com/
(www\.)?1075amor\.com(.+)?(.*),http://1075amor.univision.com/
m\.laquebuena1043\.univision\.com(.+)?(.*),http://m.1043austin.univision.com/
laquebuena1043\.univision\.mobi(.+)?(.*),http://m.1043austin.univision.com/
laquebuena1043\.univision\.com(.+)?(.*),http://1043austin.univision.com/
(www\.)?laquebuena1043\.com(.+)?(.*),http://1043austin.univision.com/
(www\.)?lajefaaustin\.com(.+)?(.*),http://1043austin.univision.com/
m\.lajefaaustin\.univision\.com(.+)?(.*),http://m.1043austin.univision.com/
lajefaaustin\.univision\.com(.+)?(.*),http://1043austin.univision.com/
(www\.)?lajefaaustin\.com(.+)?(.*),http://1043austin.univision.com/
(www\.)?1043austin\.com(.+)?(.*),http://1043austin.univision.com/
(www\.)?nueva1035\.com(.+)?(.*),http://1035lasvegas.univision.com/
lanueva1035\.univision\.mobi(.+)?(.*),http://m.1035lasvegas.univision.com/
(www\.)?la1035\.com(.+)?(.*),http://1035lasvegas.univision.com/
kisf\.univision\.com(.+)?(.*),http://1035lasvegas.univision.com/
lasvegas\.univision\.com(.+)?(.*),http://1035lasvegas.univision.com/
m\.lanueva1035\.univision\.com(.+)?(.*),http://m.1035lasvegas.univision.com/
lanueva1035\.univision\.com(.+)?(.*),http://1035lasvegas.univision.com/
(www\.)?lanueva1035\.com(.+)?(.*),http://1035lasvegas.univision.com/
(www\.)?1035lasvegas\.com(.+)?(.*),http://1035lasvegas.univision.com/
(www\.)?recuerdo1063\.com(.+)?(.*),http://1063masvariedad.univision.com/
(www\.)?1063recuerdo\.com(.+)?(.*),http://1063masvariedad.univision.com/
(www\.)?recuerdophoenix\.com(.+)?(.*),http://1063masvariedad.univision.com/
(www\.)?recuerdosphoenix\.com(.+)?(.*),http://1063masvariedad.univision.com/
recuerdophoenix\.univision\.mobi(.+)?(.*),http://m.1063masvariedad.univision.com
kmrr\.univision\.com(.+)?(.*),http://1063masvariedad.univision.com/
m\.recuerdophoenix\.univision\.com(.+)?(.*),http://m.1063masvariedad.univision.com/
recuerdophoenix\.univision\.com(.+)?(.*),http://1063masvariedad.univision.com/
(www\.)?recuerdophoenix\.com(.+)?(.*),http://1063masvariedad.univision.com/
(www\.)?1063masvariedad\.com(.+)?(.*),http://1063masvariedad.univision.com/
(www\.)?lanueva1059\.com(.+)?(.*),http://1059phoenix.univision.com/
(www\.)?nueva1059\.com(.+)?(.*),http://1059phoenix.univision.com/
lanueva1059\.univision\.mobi(.+)?(.*),http://m.1059phoenix.univision.com
(www\.)?la1059\.com(.+)?(.*),http://1059phoenix.univision.com/
khot\.univision\.com(.+)?(.*),http://1059phoenix.univision.com/
m\.lanueva1059\.univision\.com(.+)?(.*),http://m.1059phoenix.univision.com/
lanueva1059\.univision\.com(.+)?(.*),http://1059phoenix.univision.com/
(www\.)?lanueva1059\.com(.+)?(.*),http://1059phoenix.univision.com/
(www\.)?1059phoenix\.com(.+)?(.*),http://1059phoenix.univision.com/
(www\.)?jefa1013\.com(.+)?(.*),http://1051nuevomexico.univision.com/
(www\.)?lajefa1013\.com(.+)?(.*),http://1051nuevomexico.univision.com/
kjfa\.univision\.mobi(.+)?(.*),http://m.1051nuevomexico.univision.com
albuquerque\.univision\.com(.+)?(.*),http://1051nuevomexico.univision.com/
coyote1025\.univision\.com(.+)?(.*),http://1051nuevomexico.univision.com/?cmpid=vnt:coyote1025.univision.com
horizon1051\.univision\.com(.+)?(.*),http://1051nuevomexico.univision.com/
lajefa1013\.univision\.com(.+)?(.*),http://1051nuevomexico.univision.com/
m\.kjfa\.univision\.com(.+)?(.*),http://m.1051nuevomexico.univision.com/
kjfa\.univision\.com(.+)?(.*),http://1051nuevomexico.univision.com/
(www\.)?kjfa\.com(.+)?(.*),http://1051nuevomexico.univision.com/
(www\.)?1051nuevomexico\.com(.+)?(.*),http://1051nuevomexico.univision.com/
kltn\.univision\.com(.+)?(.*),http://houston1029.univision.com
estereolatino\.univision\.com(.+)?(.*),http://houston1029.univision.com
estereolatino1029\.univision\.mobi(.+)?(.*),http://m.houston1029.univision.com
(www\.)?estereolatino1029\.com(.+)?(.*),http://houston1029.univision.com/
estereolatino1029\.univision\.com(.+)?(.*),http://houston1029.univision.com
m\.estereolatino1029\.univision\.com(.+)?(.*),http://m.houston1029.univision.com
m\.1029houston\.univision\.com(.+)?(.*),http://m.houston1029.univision.com/
1029houston\.univision\.com(.+)?(.*),http://houston1029.univision.com/
(www\.)?houston1029\.com(.+)?(.*),http://houston1029.univision.com/
queonda921\.univision\.mobi(.+)?(.*),http://m.921fresno.univision.com
m\.queonda921\.univision\.com(.+)?(.*),http://m.921fresno.univision.com/
queonda921\.univision\.com(.+)?(.*),http://921fresno.univision.com/
(www\.)?queonda921\.com(.+)?(.*),http://921fresno.univision.com/
(www\.)?921fresno\.com(.+)?(.*),http://921fresno.univision.com/
(www\.)?recuerdo1075\.com(.+)?(.*),http://1075masvariedad.univision.com/
recuerdo1075\.univision\.mobi(.+)?(.*),http://m.1075masvariedad.univision.com
m\.recuerdo1075\.univision\.com(.+)?(.*),http://m.1075masvariedad.univision.com/
recuerdo1075\.univision\.com(.+)?(.*),http://1075masvariedad.univision.com/
(www\.)?1075masvariedad\.com(.+)?(.*),http://1075masvariedad.univision.com/
(www\.)?kgbt\.com(.+)?(.*),http://985mcallen.univision.com/
(www\.)?kgbt985\.com(.+)?(.*),http://985mcallen.univision.com/
kgbt985\.univision\.mobi(.+)?(.*),http://m.985mcallen.univision.com
kgbt-fm\.univision\.com(.+)?(.*),http://985mcallen.univision.com/
kgbt\.univision\.com(.+)?(.*),http://985mcallen.univision.com/
mcallen\.univision\.com(.+)?(.*),http://985mcallen.univision.com/
m\.kgbt985\.univision\.com(.+)?(.*),http://m.985mcallen.univision.com/
kgbt985\.univision\.com(.+)?(.*),http://985mcallen.univision.com/
(www\.)?985mcallen\.com(.+)?(.*),http://985mcallen.univision.com/
recuerdo961\.univision\.mobi(.+)?(.*),http://m.961masvariedad.univision.com
kbtq\.univision\.com(.+)?(.*),http://961masvariedad.univision.com/
m\.recuerdo961\.univision\.com(.+)?(.*),http://m.961masvariedad.univision.com/
recuerdo961\.univision\.com(.+)?(.*),http://961masvariedad.univision.com/
(www\.)?recuerdo961\.com(.+)?(.*),http://961masvariedad.univision.com/
(www\.)?961masvariedad\.com(.+)?(.*),http://961masvariedad.univision.com/
(www\.)?quebuena975\.com(.+)?(.*),http://975elpaso.univision.com/
(www\.)?kbna975\.com(.+)?(.*),http://975elpaso.univision.com/
(www\.)?kbnaradio\.com(.+)?(.*),http://975elpaso.univision.com/
(www\.)?recuerdos975\.com(.+)?(.*),http://975elpaso.univision.com/
kbna975\.univision\.mobi(.+)?(.*),http://m.975elpaso.univision.com
elpaso\.univision\.com(.+)?(.*),http://975elpaso.univision.com/
kbna\.univision\.com(.+)?(.*),http://975elpaso.univision.com/
(www\.)?salsa98\.com(.+)?(.*),http://mix983.univision.com/
(www\.)?wrto\.com(.+)?(.*),http://mix983.univision.com/
(www\.)?lakalle983fm\.com(.+)?(.*),http://mix983.univision.com/
mix983\.univision\.mobi(.+)?(.*),http://m.mix983.univision.com
wrto\.univision\.com(.+)?(.*),http://mix983.univision.com/?cmpid=vnt:wrto.univision.com
(www\.)?mix983\.com(.+)?TopPlayaCaribe,http://mix983.univision.com/topplayacaribe
(www\.)?mix983\.com(.+)?(.*),http://mix983.univision.com/
m\.kbna975\.univision\.com(.+)?(.*),http://m.975elpaso.univision.com/
kbna975\.univision\.com(.+)?(.*),http://975elpaso.univision.com/
(www\.)?975elpaso\.com(.+)?(.*),http://975elpaso.univision.com/
(www\.)?todoesposible\.com(.+)?(.*),http://todoesposible.abardev.net/
(www\.)?univisionfarmacia\.com(.+)?aeela,http://salud.univision.com/es/farmacia/aeela
(www\.)?univisionfarmacia\.com(.+)?app,https://salud.univision.com/es/farmacia/pharmacy-app
(www\.)?univisionpharmacy\.com(.+)?app,https://salud.univision.com/en/pharmacy/pharmacy-app
(www\.)?univisionpharmacy\.com(.+)?autismspeaks,https://salud.univision.com/en/pharmacy/autismspeaks
(www\.)?univisionpharmacy\.com(.+)?(.*),https://salud.univision.com/en/pharmacy
(www\.)?univisionfarmacia\.com(.+)?autismohabla,https://salud.univision.com/es/farmacia/autismohabla
(www\.)?univisionfarmacia\.com(.+)?(.*),http://salud.univision.com/es/farmacia
(www\.)?univisionrx\.com(.+)?(.*),http://salud.univision.com/es/farmacia
(www\.)?univisionpartnergroup\.com(.+)?(.*),http://corporate.univision.com/advertise
(www\.)?nba\.univision\.com(.+)?(.*),http://www.univision.com/deportes/nba
